aldrin.pdb,"ALDRIN",ATOM,1,C,1,-0.888,0.654,-1.753
aldrin.pdb,"ALDRIN",ATOM,2,C,1,0.276,1.404,-1.135
aldrin.pdb,"ALDRIN",ATOM,3,C,1,1.381,0.453,-0.730
aldrin.pdb,"ALDRIN",ATOM,4,C,1,0.786,-0.400,0.372
aldrin.pdb,"ALDRIN",ATOM,5,C,1,-0.640,0.143,0.522
aldrin.pdb,"ALDRIN",ATOM,6,C,1,-1.451,-0.124,-0.733
aldrin.pdb,"ALDRIN",ATOM,7,CL,1,-1.479,-0.191,2.029
aldrin.pdb,"ALDRIN",ATOM,8,CL,1,-2.844,-1.216,-0.888
aldrin.pdb,"ALDRIN",ATOM,9,CL,1,-1.450,0.743,-3.432
aldrin.pdb,"ALDRIN",ATOM,10,CL,1,0.737,2.870,-1.987
aldrin.pdb,"ALDRIN",ATOM,11,C,1,-0.369,1.633,0.244
aldrin.pdb,"ALDRIN",ATOM,12,CL,1,-1.860,2.599,0.158
aldrin.pdb,"ALDRIN",ATOM,13,CL,1,0.735,2.363,1.410
aldrin.pdb,"ALDRIN",ATOM,14,C,1,1.037,-1.812,-0.091
aldrin.pdb,"ALDRIN",ATOM,15,C,1,0.994,-1.782,-1.608
aldrin.pdb,"ALDRIN",ATOM,16,C,1,1.937,-0.617,-1.697
aldrin.pdb,"ALDRIN",ATOM,17,C,1,2.584,-2.004,0.033
aldrin.pdb,"ALDRIN",ATOM,18,C,1,3.113,-1.214,-1.046
aldrin.pdb,"ALDRIN",ATOM,19,H,1,2.231,1.006,-0.328
aldrin.pdb,"ALDRIN",ATOM,20,H,1,1.320,-0.204,1.301
aldrin.pdb,"ALDRIN",ATOM,21,H,1,0.442,-2.597,0.378
aldrin.pdb,"ALDRIN",ATOM,22,H,1,0.002,-1.636,-2.012
aldrin.pdb,"ALDRIN",ATOM,23,H,1,1.441,-2.681,-2.039
aldrin.pdb,"ALDRIN",ATOM,24,H,1,2.104,-0.212,-2.687
aldrin.pdb,"ALDRIN",ATOM,25,H,1,2.985,-2.347,0.999
aldrin.pdb,"ALDRIN",ATOM,26,H,1,4.160,-0.911,-0.708
ammonia.pdb,"Ammonia",ATOM,1,N,1,0.257,-0.363,0.000
ammonia.pdb,"Ammonia",ATOM,2,H,1,0.257,0.727,0.000
ammonia.pdb,"Ammonia",ATOM,3,H,1,0.771,-0.727,0.890
ammonia.pdb,"Ammonia",ATOM,4,H,1,0.771,-0.727,-0.890
ascorbic-acid.pdb,"ASCORBIC ACID, VITAMIN C",ATOM,1,C,1,0.182,0.119,-0.645
ascorbic-acid.pdb,"ASCORBIC ACID, VITAMIN C",ATOM,2,C,1,0.591,-1.187,0.091
ascorbic-acid.pdb,"ASCORBIC ACID, VITAMIN C",ATOM,3,C,1,1.908,-1.150,0.401
ascorbic-acid.pdb,"ASCORBIC ACID, VITAMIN C",ATOM,4,C,1,2.407,0.104,0.031
ascorbic-acid.pdb,"ASCORBIC ACID, VITAMIN C",ATOM,5,O,1,1.453,0.978,-0.535
ascorbic-acid.pdb,"ASCORBIC ACID, VITAMIN C",ATOM,6,O,1,3.677,0.478,0.175
ascorbic-acid.pdb,"ASCORBIC ACID, VITAMIN C",ATOM,7,O,1,2.621,-2.174,1.011
ascorbic-acid.pdb,"ASCORBIC ACID, VITAMIN C",ATOM,8,O,1,-0.324,-2.236,0.293
ascorbic-acid.pdb,"ASCORBIC ACID, VITAMIN C",ATOM,9,H,1,-0.030,-0.160,-1.688
ascorbic-acid.pdb,"ASCORBIC ACID, VITAMIN C",ATOM,10,C,1,-1.084,0.762,0.207
ascorbic-acid.pdb,"ASCORBIC ACID, VITAMIN C",ATOM,11,H,1,-1.959,0.100,0.315
ascorbic-acid.pdb,"ASCORBIC ACID, VITAMIN C",ATOM,12,O,1,-0.591,1.195,1.590
ascorbic-acid.pdb,"ASCORBIC ACID, VITAMIN C",ATOM,13,C,1,-1.585,2.076,-0.581
ascorbic-acid.pdb,"ASCORBIC ACID, VITAMIN C",ATOM,14,O,1,-2.771,2.432,0.067
ascorbic-acid.pdb,"ASCORBIC ACID, VITAMIN C",ATOM,15,H,1,1.946,-2.997,1.192
ascorbic-acid.pdb,"ASCORBIC ACID, VITAMIN C",ATOM,16,H,1,-0.747,-2.497,-0.666
ascorbic-acid.pdb,"ASCORBIC ACID, VITAMIN C",ATOM,17,H,1,0.118,2.004,1.470
ascorbic-acid.pdb,"ASCORBIC ACID, VITAMIN C",ATOM,18,H,1,-1.839,1.784,-1.606
ascorbic-acid.pdb,"ASCORBIC ACID, VITAMIN C",ATOM,19,H,1,-0.831,2.856,-0.721
ascorbic-acid.pdb,"ASCORBIC ACID, VITAMIN C",ATOM,20,H,1,-2.572,2.906,1.016
benzaldehyde.pdb,"BENZALDEHYDE",ATOM,1,C,1,1.819,1.228,0.002
benzaldehyde.pdb,"BENZALDEHYDE",ATOM,2,O,1,1.819,2.598,0.002
benzaldehyde.pdb,"BENZALDEHYDE",ATOM,3,C,1,0.606,0.528,0.002
benzaldehyde.pdb,"BENZALDEHYDE",ATOM,4,C,1,-0.606,1.228,0.002
benzaldehyde.pdb,"BENZALDEHYDE",ATOM,5,C,1,-1.819,0.528,0.000
benzaldehyde.pdb,"BENZALDEHYDE",ATOM,6,C,1,-1.819,-0.872,-0.002
benzaldehyde.pdb,"BENZALDEHYDE",ATOM,7,C,1,-0.606,-1.572,-0.002
benzaldehyde.pdb,"BENZALDEHYDE",ATOM,8,C,1,0.606,-0.872,0.000
benzaldehyde.pdb,"BENZALDEHYDE",ATOM,9,H,1,2.754,0.688,0.002
benzaldehyde.pdb,"BENZALDEHYDE",ATOM,10,H,1,-0.606,2.308,0.003
benzaldehyde.pdb,"BENZALDEHYDE",ATOM,11,H,1,-2.754,1.068,0.000
benzaldehyde.pdb,"BENZALDEHYDE",ATOM,12,H,1,-2.754,-1.412,-0.003
benzaldehyde.pdb,"BENZALDEHYDE",ATOM,13,H,1,-0.606,-2.652,-0.003
benzaldehyde.pdb,"BENZALDEHYDE",ATOM,14,H,1,1.542,-1.412,0.000
camphene.pdb,"CAMPHENE",ATOM,1,C,1,1.603,-1.641,0.934
camphene.pdb,"CAMPHENE",ATOM,2,C,1,0.611,-0.661,0.656
camphene.pdb,"CAMPHENE",ATOM,3,C,1,-0.722,-0.538,1.432
camphene.pdb,"CAMPHENE",ATOM,4,C,1,-0.619,0.968,1.694
camphene.pdb,"CAMPHENE",ATOM,5,C,1,-0.489,1.334,0.209
camphene.pdb,"CAMPHENE",ATOM,6,C,1,0.772,0.533,-0.254
camphene.pdb,"CAMPHENE",ATOM,7,H,1,-0.723,-1.135,2.380
camphene.pdb,"CAMPHENE",ATOM,8,C,1,2.059,1.326,0.041
camphene.pdb,"CAMPHENE",ATOM,9,C,1,0.751,0.131,-1.743
camphene.pdb,"CAMPHENE",ATOM,10,H,1,1.453,-2.410,1.680
camphene.pdb,"CAMPHENE",ATOM,11,H,1,2.544,-1.611,0.385
camphene.pdb,"CAMPHENE",ATOM,12,H,1,0.202,1.272,2.276
camphene.pdb,"CAMPHENE",ATOM,13,H,1,-1.592,1.363,2.135
camphene.pdb,"CAMPHENE",ATOM,14,H,1,-0.420,2.410,0.015
camphene.pdb,"CAMPHENE",ATOM,15,H,1,2.126,1.567,1.099
camphene.pdb,"CAMPHENE",ATOM,16,H,1,2.086,2.255,-0.535
camphene.pdb,"CAMPHENE",ATOM,17,H,1,2.926,0.726,-0.229
camphene.pdb,"CAMPHENE",ATOM,18,H,1,0.583,0.988,-2.380
camphene.pdb,"CAMPHENE",ATOM,19,H,1,-0.047,-0.622,-1.933
camphene.pdb,"CAMPHENE",ATOM,20,H,1,1.700,-0.320,-1.998
camphene.pdb,"CAMPHENE",ATOM,21,C,1,-1.778,0.698,-0.317
camphene.pdb,"CAMPHENE",ATOM,22,C,1,-1.823,-0.673,0.487
camphene.pdb,"CAMPHENE",ATOM,23,H,1,-1.800,0.572,-1.405
camphene.pdb,"CAMPHENE",ATOM,24,H,1,-2.634,1.317,-0.053
camphene.pdb,"CAMPHENE",ATOM,25,H,1,-1.745,-1.462,-0.361
camphene.pdb,"CAMPHENE",ATOM,26,H,1,-2.926,-0.663,0.899
cholesterol.pdb,"CHOLESTEROL",ATOM,1,C,1,-4.816,0.580,-0.559
cholesterol.pdb,"CHOLESTEROL",ATOM,2,C,1,-5.376,0.265,-1.962
cholesterol.pdb,"CHOLESTEROL",ATOM,3,C,1,-6.876,0.502,-2.096
cholesterol.pdb,"CHOLESTEROL",ATOM,4,C,1,-7.610,-0.380,-1.092
cholesterol.pdb,"CHOLESTEROL",ATOM,5,C,1,-7.266,0.081,0.324
cholesterol.pdb,"CHOLESTEROL",ATOM,6,C,1,-5.750,0.070,0.543
cholesterol.pdb,"CHOLESTEROL",ATOM,7,C,1,-5.245,-0.289,1.805
cholesterol.pdb,"CHOLESTEROL",ATOM,8,C,1,-3.765,-0.603,2.034
cholesterol.pdb,"CHOLESTEROL",ATOM,9,C,1,-2.834,0.035,0.981
cholesterol.pdb,"CHOLESTEROL",ATOM,10,C,1,-3.453,-0.147,-0.423
cholesterol.pdb,"CHOLESTEROL",ATOM,11,C,1,-2.479,0.245,-1.546
cholesterol.pdb,"CHOLESTEROL",ATOM,12,C,1,-1.136,-0.444,-1.410
cholesterol.pdb,"CHOLESTEROL",ATOM,13,C,1,-0.490,-0.120,-0.042
cholesterol.pdb,"CHOLESTEROL",ATOM,14,C,1,-1.463,-0.666,1.001
cholesterol.pdb,"CHOLESTEROL",ATOM,15,C,1,0.762,-0.929,0.295
cholesterol.pdb,"CHOLESTEROL",ATOM,16,C,1,0.771,-0.937,1.840
cholesterol.pdb,"CHOLESTEROL",ATOM,17,C,1,-0.664,-0.610,2.293
cholesterol.pdb,"CHOLESTEROL",ATOM,18,C,1,-4.705,2.108,-0.396
cholesterol.pdb,"CHOLESTEROL",ATOM,19,C,1,-0.225,1.386,0.115
cholesterol.pdb,"CHOLESTEROL",ATOM,20,O,1,-9.006,-0.295,-1.302
cholesterol.pdb,"CHOLESTEROL",ATOM,21,C,1,2.101,-0.421,-0.305
cholesterol.pdb,"CHOLESTEROL",ATOM,22,C,1,3.285,-1.303,0.107
cholesterol.pdb,"CHOLESTEROL",ATOM,23,C,1,4.613,-0.560,-0.129
cholesterol.pdb,"CHOLESTEROL",ATOM,24,C,1,5.829,-1.420,0.234
cholesterol.pdb,"CHOLESTEROL",ATOM,25,C,1,7.126,-0.805,-0.329
cholesterol.pdb,"CHOLESTEROL",ATOM,26,C,1,8.312,-1.688,0.030
cholesterol.pdb,"CHOLESTEROL",ATOM,27,C,1,7.353,0.610,0.201
cholesterol.pdb,"CHOLESTEROL",ATOM,28,C,1,2.018,-0.382,-1.851
cholesterol.pdb,"CHOLESTEROL",ATOM,29,H,1,-5.175,-0.780,-2.201
cholesterol.pdb,"CHOLESTEROL",ATOM,30,H,1,-4.873,0.890,-2.700
cholesterol.pdb,"CHOLESTEROL",ATOM,31,H,1,-7.180,0.235,-3.108
cholesterol.pdb,"CHOLESTEROL",ATOM,32,H,1,-7.114,1.551,-1.920
cholesterol.pdb,"CHOLESTEROL",ATOM,33,H,1,-7.301,-1.419,-1.220
cholesterol.pdb,"CHOLESTEROL",ATOM,34,H,1,-7.742,-0.592,1.039
cholesterol.pdb,"CHOLESTEROL",ATOM,35,H,1,-7.638,1.093,0.484
cholesterol.pdb,"CHOLESTEROL",ATOM,36,H,1,-5.941,-0.503,2.602
cholesterol.pdb,"CHOLESTEROL",ATOM,37,H,1,-3.637,-1.685,1.986
cholesterol.pdb,"CHOLESTEROL",ATOM,38,H,1,-3.462,-0.257,3.023
cholesterol.pdb,"CHOLESTEROL",ATOM,39,H,1,-2.721,1.087,1.229
cholesterol.pdb,"CHOLESTEROL",ATOM,40,H,1,-3.657,-1.214,-0.535
cholesterol.pdb,"CHOLESTEROL",ATOM,41,H,1,-2.313,1.319,-1.556
cholesterol.pdb,"CHOLESTEROL",ATOM,42,H,1,-2.870,-0.071,-2.512
cholesterol.pdb,"CHOLESTEROL",ATOM,43,H,1,-0.444,-0.140,-2.205
cholesterol.pdb,"CHOLESTEROL",ATOM,44,H,1,-1.215,-1.526,-1.511
cholesterol.pdb,"CHOLESTEROL",ATOM,45,H,1,-1.640,-1.720,0.776
cholesterol.pdb,"CHOLESTEROL",ATOM,46,H,1,0.617,-1.959,-0.036
cholesterol.pdb,"CHOLESTEROL",ATOM,47,H,1,1.454,-0.183,2.232
cholesterol.pdb,"CHOLESTEROL",ATOM,48,H,1,1.062,-1.923,2.204
cholesterol.pdb,"CHOLESTEROL",ATOM,49,H,1,-0.699,0.387,2.733
cholesterol.pdb,"CHOLESTEROL",ATOM,50,H,1,-1.021,-1.347,3.012
cholesterol.pdb,"CHOLESTEROL",ATOM,51,H,1,-5.692,2.560,-0.486
cholesterol.pdb,"CHOLESTEROL",ATOM,15,H,1,-4.058,2.530,-1.163
cholesterol.pdb,"CHOLESTEROL",ATOM,53,H,1,-4.308,2.360,0.586
cholesterol.pdb,"CHOLESTEROL",ATOM,54,H,1,-1.147,1.962,0.111
cholesterol.pdb,"CHOLESTEROL",ATOM,55,H,1,0.399,1.737,-0.704
cholesterol.pdb,"CHOLESTEROL",ATOM,56,H,1,0.302,1.581,1.047
cholesterol.pdb,"CHOLESTEROL",ATOM,57,H,1,-9.260,-0.705,-2.269
cholesterol.pdb,"CHOLESTEROL",ATOM,58,H,1,2.272,0.601,0.041
cholesterol.pdb,"CHOLESTEROL",ATOM,59,H,1,3.286,-2.231,-0.468
cholesterol.pdb,"CHOLESTEROL",ATOM,60,H,1,3.233,-1.528,1.173
cholesterol.pdb,"CHOLESTEROL",ATOM,61,H,1,4.637,0.338,0.483
cholesterol.pdb,"CHOLESTEROL",ATOM,62,H,1,4.771,-0.279,-1.183
cholesterol.pdb,"CHOLESTEROL",ATOM,63,H,1,5.715,-2.416,-0.199
cholesterol.pdb,"CHOLESTEROL",ATOM,64,H,1,5.912,-1.519,1.317
cholesterol.pdb,"CHOLESTEROL",ATOM,65,H,1,7.019,-0.764,-1.416
cholesterol.pdb,"CHOLESTEROL",ATOM,66,H,1,8.153,-2.690,-0.370
cholesterol.pdb,"CHOLESTEROL",ATOM,67,H,1,8.422,-1.741,1.114
cholesterol.pdb,"CHOLESTEROL",ATOM,68,H,1,9.216,-1.265,-0.409
cholesterol.pdb,"CHOLESTEROL",ATOM,69,H,1,7.340,0.601,1.292
cholesterol.pdb,"CHOLESTEROL",ATOM,70,H,1,6.578,1.277,-0.175
cholesterol.pdb,"CHOLESTEROL",ATOM,71,H,1,8.324,0.961,-0.149
cholesterol.pdb,"CHOLESTEROL",ATOM,72,H,1,1.483,0.513,-2.162
cholesterol.pdb,"CHOLESTEROL",ATOM,73,H,1,1.515,-1.282,-2.203
cholesterol.pdb,"CHOLESTEROL",ATOM,74,H,1,3.013,-0.348,-2.301
cinnamaldehyde.pdb,"TRANS-CINNAMALDEHYDE",ATOM,1,C,1,-1.004,1.164,-0.187
cinnamaldehyde.pdb,"TRANS-CINNAMALDEHYDE",ATOM,2,C,1,-2.392,1.257,-0.390
cinnamaldehyde.pdb,"TRANS-CINNAMALDEHYDE",ATOM,3,C,1,-3.182,0.100,-0.439
cinnamaldehyde.pdb,"TRANS-CINNAMALDEHYDE",ATOM,4,C,1,-2.571,-1.153,-0.281
cinnamaldehyde.pdb,"TRANS-CINNAMALDEHYDE",ATOM,5,C,1,-1.187,-1.249,-0.079
cinnamaldehyde.pdb,"TRANS-CINNAMALDEHYDE",ATOM,6,C,1,-0.390,-0.085,-0.032
cinnamaldehyde.pdb,"TRANS-CINNAMALDEHYDE",ATOM,7,C,1,1.001,-0.253,0.173
cinnamaldehyde.pdb,"TRANS-CINNAMALDEHYDE",ATOM,8,C,1,1.935,0.799,0.220
cinnamaldehyde.pdb,"TRANS-CINNAMALDEHYDE",ATOM,9,C,1,3.299,0.530,0.439
cinnamaldehyde.pdb,"TRANS-CINNAMALDEHYDE",ATOM,10,O,1,4.195,1.563,0.481
cinnamaldehyde.pdb,"TRANS-CINNAMALDEHYDE",ATOM,11,H,1,-0.430,2.073,-0.148
cinnamaldehyde.pdb,"TRANS-CINNAMALDEHYDE",ATOM,12,H,1,-2.859,2.224,-0.509
cinnamaldehyde.pdb,"TRANS-CINNAMALDEHYDE",ATOM,13,H,1,-4.249,0.171,-0.595
cinnamaldehyde.pdb,"TRANS-CINNAMALDEHYDE",ATOM,14,H,1,-3.171,-2.049,-0.317
cinnamaldehyde.pdb,"TRANS-CINNAMALDEHYDE",ATOM,15,H,1,-0.734,-2.224,0.041
cinnamaldehyde.pdb,"TRANS-CINNAMALDEHYDE",ATOM,16,H,1,1.360,-1.265,0.300
cinnamaldehyde.pdb,"TRANS-CINNAMALDEHYDE",ATOM,17,H,1,1.598,1.813,0.082
cinnamaldehyde.pdb,"TRANS-CINNAMALDEHYDE",ATOM,18,H,1,3.615,-0.496,0.573
citronellal.pdb,"(R)-(+)-CITRONELLAL",ATOM,1,C,1,-1.048,0.968,-0.164
citronellal.pdb,"(R)-(+)-CITRONELLAL",ATOM,2,C,1,0.094,0.028,0.266
citronellal.pdb,"(R)-(+)-CITRONELLAL",ATOM,3,C,1,1.449,0.551,-0.209
citronellal.pdb,"(R)-(+)-CITRONELLAL",ATOM,4,C,1,2.612,-0.216,-0.038
citronellal.pdb,"(R)-(+)-CITRONELLAL",ATOM,5,C,1,3.943,0.305,-0.590
citronellal.pdb,"(R)-(+)-CITRONELLAL",ATOM,6,C,1,2.557,-1.568,0.683
citronellal.pdb,"(R)-(+)-CITRONELLAL",ATOM,7,C,1,-2.405,0.526,0.379
citronellal.pdb,"(R)-(+)-CITRONELLAL",ATOM,8,C,1,-3.440,1.610,0.039
citronellal.pdb,"(R)-(+)-CITRONELLAL",ATOM,9,C,1,-2.832,-0.825,-0.214
citronellal.pdb,"(R)-(+)-CITRONELLAL",ATOM,10,C,1,-4.143,-1.344,0.374
citronellal.pdb,"(R)-(+)-CITRONELLAL",ATOM,11,O,1,-4.689,-2.508,-0.102
citronellal.pdb,"(R)-(+)-CITRONELLAL",ATOM,12,H,1,-0.818,1.958,0.231
citronellal.pdb,"(R)-(+)-CITRONELLAL",ATOM,13,H,1,-1.072,1.018,-1.254
citronellal.pdb,"(R)-(+)-CITRONELLAL",ATOM,14,H,1,0.091,-0.062,1.353
citronellal.pdb,"(R)-(+)-CITRONELLAL",ATOM,15,H,1,-0.072,-0.960,-0.157
citronellal.pdb,"(R)-(+)-CITRONELLAL",ATOM,16,H,1,1.503,1.511,-0.701
citronellal.pdb,"(R)-(+)-CITRONELLAL",ATOM,17,H,1,3.861,0.420,-1.671
citronellal.pdb,"(R)-(+)-CITRONELLAL",ATOM,18,H,1,4.163,1.273,-0.138
citronellal.pdb,"(R)-(+)-CITRONELLAL",ATOM,19,H,1,4.742,-0.399,-0.356
citronellal.pdb,"(R)-(+)-CITRONELLAL",ATOM,20,H,1,2.116,-1.434,1.671
citronellal.pdb,"(R)-(+)-CITRONELLAL",ATOM,21,H,1,1.947,-2.263,0.106
citronellal.pdb,"(R)-(+)-CITRONELLAL",ATOM,22,H,1,3.563,-1.974,0.785
citronellal.pdb,"(R)-(+)-CITRONELLAL",ATOM,23,H,1,-2.352,0.435,1.465
citronellal.pdb,"(R)-(+)-CITRONELLAL",ATOM,24,H,1,-3.082,2.562,0.437
citronellal.pdb,"(R)-(+)-CITRONELLAL",ATOM,25,H,1,-3.536,1.697,-1.044
citronellal.pdb,"(R)-(+)-CITRONELLAL",ATOM,26,H,1,-4.401,1.338,0.477
citronellal.pdb,"(R)-(+)-CITRONELLAL",ATOM,27,H,1,-2.924,-0.730,-1.296
citronellal.pdb,"(R)-(+)-CITRONELLAL",ATOM,28,H,1,-2.062,-1.560,-0.003
citronellal.pdb,"(R)-(+)-CITRONELLAL",ATOM,29,H,1,-4.609,-0.825,1.198
codeine.pdb,"CODEINE",ATOM,1,C,1,0.060,1.042,-0.046
codeine.pdb,"CODEINE",ATOM,2,C,1,1.341,1.395,0.169
codeine.pdb,"CODEINE",ATOM,3,C,1,2.213,0.515,0.696
codeine.pdb,"CODEINE",ATOM,4,C,1,1.819,-0.712,1.064
codeine.pdb,"CODEINE",ATOM,5,C,1,0.557,-1.075,0.825
codeine.pdb,"CODEINE",ATOM,6,C,1,-0.276,-0.221,0.241
codeine.pdb,"CODEINE",ATOM,7,C,1,-1.653,-0.835,0.088
codeine.pdb,"CODEINE",ATOM,8,C,1,-2.753,0.235,0.113
codeine.pdb,"CODEINE",ATOM,9,C,1,-2.334,1.337,-0.880
codeine.pdb,"CODEINE",ATOM,10,C,1,-1.030,2.047,-0.441
codeine.pdb,"CODEINE",ATOM,11,C,1,-1.619,-1.845,1.257
codeine.pdb,"CODEINE",ATOM,12,C,1,-1.707,-1.572,-1.266
codeine.pdb,"CODEINE",ATOM,13,C,1,-1.345,-0.591,-2.399
codeine.pdb,"CODEINE",ATOM,14,N,1,-2.115,0.716,-2.256
codeine.pdb,"CODEINE",ATOM,15,C,1,-2.334,1.567,-3.497
codeine.pdb,"CODEINE",ATOM,16,H,1,-3.696,-0.211,-0.208
codeine.pdb,"CODEINE",ATOM,17,C,1,-2.964,0.802,1.542
codeine.pdb,"CODEINE",ATOM,18,C,1,-2.739,0.091,2.611
codeine.pdb,"CODEINE",ATOM,19,C,1,-1.849,-1.184,2.635
codeine.pdb,"CODEINE",ATOM,20,H,1,-2.326,-2.660,1.095
codeine.pdb,"CODEINE",ATOM,21,O,1,-0.175,-2.315,1.279
codeine.pdb,"CODEINE",ATOM,22,H,1,-2.302,-1.916,3.305
codeine.pdb,"CODEINE",ATOM,23,O,1,-0.511,-0.791,3.186
codeine.pdb,"CODEINE",ATOM,24,O,1,2.771,-1.646,1.758
codeine.pdb,"CODEINE",ATOM,25,H,1,1.653,2.416,-0.055
codeine.pdb,"CODEINE",ATOM,26,H,1,3.239,0.837,0.866
codeine.pdb,"CODEINE",ATOM,27,H,1,-3.130,2.079,-0.948
codeine.pdb,"CODEINE",ATOM,28,H,1,-1.247,2.672,0.425
codeine.pdb,"CODEINE",ATOM,29,H,1,-0.672,2.680,-1.252
codeine.pdb,"CODEINE",ATOM,30,H,1,-2.712,-1.964,-1.426
codeine.pdb,"CODEINE",ATOM,31,H,1,-0.995,-2.398,-1.268
codeine.pdb,"CODEINE",ATOM,32,H,1,-1.576,-1.049,-3.360
codeine.pdb,"CODEINE",ATOM,33,H,1,-0.277,-0.373,-2.362
codeine.pdb,"CODEINE",ATOM,34,H,1,-2.839,0.977,-4.262
codeine.pdb,"CODEINE",ATOM,35,H,1,-1.370,1.904,-3.878
codeine.pdb,"CODEINE",ATOM,36,H,1,-2.946,2.434,-3.249
codeine.pdb,"CODEINE",ATOM,37,H,1,-3.476,1.759,1.606
codeine.pdb,"CODEINE",ATOM,38,H,1,-3.044,0.458,3.587
codeine.pdb,"CODEINE",ATOM,39,H,1,3.029,-1.160,3.154
codeine.pdb,"CODEINE",ATOM,40,H,1,3.668,-1.874,3.673
codeine.pdb,"CODEINE",ATOM,41,H,1,2.082,-1.068,3.686
codeine.pdb,"CODEINE",ATOM,42,H,1,3.523,-0.189,3.122
codeine.pdb,"CODEINE",ATOM,43,H,1,-0.614,-0.398,4.155
cubane.pdb,"CUBANE",ATOM,1,C,1,0.789,-0.852,0.504
cubane.pdb,"CUBANE",ATOM,2,C,1,-0.161,-1.104,-0.624
cubane.pdb,"CUBANE",ATOM,3,C,1,-1.262,-0.440,0.160
cubane.pdb,"CUBANE",ATOM,4,C,1,-0.289,-0.202,1.284
cubane.pdb,"CUBANE",ATOM,5,C,1,1.203,0.513,-0.094
cubane.pdb,"CUBANE",ATOM,6,C,1,0.099,1.184,0.694
cubane.pdb,"CUBANE",ATOM,7,C,1,-0.885,0.959,-0.460
cubane.pdb,"CUBANE",ATOM,8,C,1,0.236,0.283,-1.269
cubane.pdb,"CUBANE",ATOM,9,H,1,1.410,-1.631,0.942
cubane.pdb,"CUBANE",ATOM,10,H,1,-0.262,-2.112,-1.024
cubane.pdb,"CUBANE",ATOM,11,H,1,-2.224,-0.925,0.328
cubane.pdb,"CUBANE",ATOM,12,H,1,-0.468,-0.501,2.315
cubane.pdb,"CUBANE",ATOM,13,H,1,2.224,0.892,-0.134
cubane.pdb,"CUBANE",ATOM,14,H,1,0.240,2.112,1.251
cubane.pdb,"CUBANE",ATOM,15,H,1,-1.565,1.730,-0.831
cubane.pdb,"CUBANE",ATOM,16,H,1,0.472,0.494,-2.315
cyclobutane.pdb,"CYCLOBUTANE",ATOM,1,C,1,-0.750,0.452,-0.417
cyclobutane.pdb,"CYCLOBUTANE",ATOM,2,C,1,-0.696,-0.588,0.609
cyclobutane.pdb,"CYCLOBUTANE",ATOM,3,C,1,0.820,-0.678,0.537
cyclobutane.pdb,"CYCLOBUTANE",ATOM,4,C,1,0.892,0.417,-0.428
cyclobutane.pdb,"CYCLOBUTANE",ATOM,5,H,1,-1.285,1.273,0.066
cyclobutane.pdb,"CYCLOBUTANE",ATOM,6,H,1,-1.328,0.080,-1.263
cyclobutane.pdb,"CYCLOBUTANE",ATOM,7,H,1,-1.225,-1.507,0.366
cyclobutane.pdb,"CYCLOBUTANE",ATOM,8,H,1,-1.029,-0.162,1.555
cyclobutane.pdb,"CYCLOBUTANE",ATOM,9,H,1,1.158,-1.594,0.054
cyclobutane.pdb,"CYCLOBUTANE",ATOM,10,H,1,1.310,-0.477,1.488
cyclobutane.pdb,"CYCLOBUTANE",ATOM,11,H,1,1.432,0.009,-1.290
cyclobutane.pdb,"CYCLOBUTANE",ATOM,12,H,1,1.506,1.236,-0.056
cyclohexanol.pdb,"CYCLOHEXANOL, CHAIR, EQUATORIAL",ATOM,1,C,1,1.159,-0.600,-0.143
cyclohexanol.pdb,"CYCLOHEXANOL, CHAIR, EQUATORIAL",ATOM,2,C,1,0.728,0.390,-1.220
cyclohexanol.pdb,"CYCLOHEXANOL, CHAIR, EQUATORIAL",ATOM,3,C,1,-0.790,0.367,-1.363
cyclohexanol.pdb,"CYCLOHEXANOL, CHAIR, EQUATORIAL",ATOM,4,C,1,-1.439,0.739,-0.033
cyclohexanol.pdb,"CYCLOHEXANOL, CHAIR, EQUATORIAL",ATOM,5,C,1,-1.008,-0.250,1.044
cyclohexanol.pdb,"CYCLOHEXANOL, CHAIR, EQUATORIAL",ATOM,6,C,1,0.510,-0.228,1.188
cyclohexanol.pdb,"CYCLOHEXANOL, CHAIR, EQUATORIAL",ATOM,7,O,1,2.561,-0.563,-0.004
cyclohexanol.pdb,"CYCLOHEXANOL, CHAIR, EQUATORIAL",ATOM,8,H,1,0.848,-1.605,-0.427
cyclohexanol.pdb,"CYCLOHEXANOL, CHAIR, EQUATORIAL",ATOM,9,H,1,1.184,0.113,-2.171
cyclohexanol.pdb,"CYCLOHEXANOL, CHAIR, EQUATORIAL",ATOM,10,H,1,1.049,1.393,-0.941
cyclohexanol.pdb,"CYCLOHEXANOL, CHAIR, EQUATORIAL",ATOM,11,H,1,-1.113,-0.632,-1.655
cyclohexanol.pdb,"CYCLOHEXANOL, CHAIR, EQUATORIAL",ATOM,12,H,1,-1.094,1.085,-2.125
cyclohexanol.pdb,"CYCLOHEXANOL, CHAIR, EQUATORIAL",ATOM,13,H,1,-2.524,0.710,-0.137
cyclohexanol.pdb,"CYCLOHEXANOL, CHAIR, EQUATORIAL",ATOM,14,H,1,-1.128,1.744,0.255
cyclohexanol.pdb,"CYCLOHEXANOL, CHAIR, EQUATORIAL",ATOM,15,H,1,-1.330,-1.254,0.766
cyclohexanol.pdb,"CYCLOHEXANOL, CHAIR, EQUATORIAL",ATOM,16,H,1,-1.464,0.026,1.995
cyclohexanol.pdb,"CYCLOHEXANOL, CHAIR, EQUATORIAL",ATOM,17,H,1,0.814,-0.946,1.950
cyclohexanol.pdb,"CYCLOHEXANOL, CHAIR, EQUATORIAL",ATOM,18,H,1,0.833,0.771,1.480
cyclohexanol.pdb,"CYCLOHEXANOL, CHAIR, EQUATORIAL",ATOM,19,H,1,2.869,0.433,0.278
cyclopropane.pdb,"CYCLOPROPANE",ATOM,1,C,1,-0.776,-0.483,0.641
cyclopropane.pdb,"CYCLOPROPANE",ATOM,2,C,1,0.748,-0.414,0.598
cyclopropane.pdb,"CYCLOPROPANE",ATOM,3,C,1,-0.080,0.342,-0.437
cyclopropane.pdb,"CYCLOPROPANE",ATOM,4,H,1,-1.250,0.088,1.439
cyclopropane.pdb,"CYCLOPROPANE",ATOM,5,H,1,-1.214,-1.423,0.306
cyclopropane.pdb,"CYCLOPROPANE",ATOM,6,H,1,1.250,-1.311,0.235
cyclopropane.pdb,"CYCLOPROPANE",ATOM,7,H,1,1.214,0.201,1.368
cyclopropane.pdb,"CYCLOPROPANE",ATOM,8,H,1,-0.089,-0.088,-1.439
cyclopropane.pdb,"CYCLOPROPANE",ATOM,9,H,1,-0.126,1.423,-0.306
ethane.pdb,"ETHANE",ATOM,1,C,1,-0.752,0.001,-0.141
ethane.pdb,"ETHANE",ATOM,2,C,1,0.752,-0.001,0.141
ethane.pdb,"ETHANE",ATOM,3,H,1,-1.158,0.991,0.070
ethane.pdb,"ETHANE",ATOM,4,H,1,-1.240,-0.737,0.496
ethane.pdb,"ETHANE",ATOM,5,H,1,-0.924,-0.249,-1.188
ethane.pdb,"ETHANE",ATOM,6,H,1,1.158,-0.991,-0.070
ethane.pdb,"ETHANE",ATOM,7,H,1,0.924,0.249,1.188
ethane.pdb,"ETHANE",ATOM,8,H,1,1.240,0.737,-0.496
ethanol.pdb,"ETHANOL",ATOM,1,C,1,-0.426,-0.115,-0.147
ethanol.pdb,"ETHANOL",ATOM,2,O,1,-0.599,1.244,-0.481
ethanol.pdb,"ETHANOL",ATOM,3,H,1,-0.750,-0.738,-0.981
ethanol.pdb,"ETHANOL",ATOM,4,H,1,-1.022,-0.351,0.735
ethanol.pdb,"ETHANOL",ATOM,5,H,1,-1.642,1.434,-0.689
ethanol.pdb,"ETHANOL",ATOM,6,C,1,1.047,-0.383,0.147
ethanol.pdb,"ETHANOL",ATOM,7,H,1,1.370,0.240,0.981
ethanol.pdb,"ETHANOL",ATOM,8,H,1,1.642,-0.147,-0.735
ethanol.pdb,"ETHANOL",ATOM,9,H,1,1.180,-1.434,0.405
glycol.pdb,"ETHANE-1,2-DIOL",ATOM,1,C,1,0.000,-0.763,0.000
glycol.pdb,"ETHANE-1,2-DIOL",ATOM,2,C,1,0.000,0.763,0.000
glycol.pdb,"ETHANE-1,2-DIOL",ATOM,3,O,1,-1.329,1.233,0.000
glycol.pdb,"ETHANE-1,2-DIOL",ATOM,4,O,1,1.329,-1.233,0.000
glycol.pdb,"ETHANE-1,2-DIOL",ATOM,5,H,1,-0.514,-1.126,-0.890
glycol.pdb,"ETHANE-1,2-DIOL",ATOM,6,H,1,-0.514,-1.126,0.890
glycol.pdb,"ETHANE-1,2-DIOL",ATOM,7,H,1,0.514,1.126,-0.890
glycol.pdb,"ETHANE-1,2-DIOL",ATOM,8,H,1,0.514,1.126,0.890
glycol.pdb,"ETHANE-1,2-DIOL",ATOM,9,H,1,-1.838,0.873,0.882
glycol.pdb,"ETHANE-1,2-DIOL",ATOM,10,H,1,1.838,-0.873,0.882
heme.pdb,"HEME",ATOM,1,C,1,-1.978,3.340,-0.709
heme.pdb,"HEME",ATOM,2,C,1,-3.116,4.078,-0.849
heme.pdb,"HEME",ATOM,3,C,1,-4.168,3.145,-0.909
heme.pdb,"HEME",ATOM,4,C,1,-3.582,1.914,-0.799
heme.pdb,"HEME",ATOM,5,N,1,-2.214,1.991,-0.679
heme.pdb,"HEME",ATOM,6,C,1,-4.313,0.722,-0.812
heme.pdb,"HEME",ATOM,7,C,1,-3.758,-0.525,-0.700
heme.pdb,"HEME",ATOM,8,C,1,-4.460,-1.668,-0.716
heme.pdb,"HEME",ATOM,9,C,1,-3.525,-2.738,-0.591
heme.pdb,"HEME",ATOM,10,C,1,-2.330,-2.115,-0.510
heme.pdb,"HEME",ATOM,11,N,1,-2.359,-0.771,-0.568
heme.pdb,"HEME",ATOM,12,C,1,-1.151,-2.884,-0.401
heme.pdb,"HEME",ATOM,13,C,1,0.199,-2.298,-0.327
heme.pdb,"HEME",ATOM,14,C,1,1.224,-3.020,-0.246
heme.pdb,"HEME",ATOM,15,C,1,2.324,-2.015,-0.223
heme.pdb,"HEME",ATOM,16,C,1,1.783,-0.894,-0.293
heme.pdb,"HEME",ATOM,17,N,1,0.325,-0.902,-0.373
heme.pdb,"HEME",ATOM,18,C,1,2.501,0.336,-0.306
heme.pdb,"HEME",ATOM,19,C,1,1.900,1.621,-0.383
heme.pdb,"HEME",ATOM,20,C,1,2.616,2.712,-0.378
heme.pdb,"HEME",ATOM,21,C,1,1.672,3.804,-0.456
heme.pdb,"HEME",ATOM,22,C,1,0.481,3.242,-0.512
heme.pdb,"HEME",ATOM,23,N,1,0.525,1.808,-0.469
heme.pdb,"HEME",ATOM,24,C,1,-0.722,3.948,-0.617
heme.pdb,"HEME",ATOM,25,FE,1,-0.924,0.535,-0.518
heme.pdb,"HEME",ATOM,26,C,1,1.072,-4.553,-0.200
heme.pdb,"HEME",ATOM,27,C,1,3.791,-2.466,-0.128
heme.pdb,"HEME",ATOM,28,C,1,4.264,-2.377,1.335
heme.pdb,"HEME",ATOM,29,C,1,5.336,-3.455,1.605
heme.pdb,"HEME",ATOM,30,O,1,5.954,-3.576,2.949
heme.pdb,"HEME",ATOM,31,O,1,5.749,-4.381,0.493
heme.pdb,"HEME",ATOM,32,C,1,4.151,2.620,-0.299
heme.pdb,"HEME",ATOM,33,C,1,4.735,2.549,-1.722
heme.pdb,"HEME",ATOM,34,C,1,5.955,3.491,-1.831
heme.pdb,"HEME",ATOM,35,O,1,6.053,4.462,-2.949
heme.pdb,"HEME",ATOM,36,O,1,7.041,3.415,-0.793
heme.pdb,"HEME",ATOM,37,C,1,2.168,5.260,-0.459
heme.pdb,"HEME",ATOM,38,C,1,-3.036,5.615,-0.908
heme.pdb,"HEME",ATOM,39,C,1,-5.433,3.562,-1.047
heme.pdb,"HEME",ATOM,40,C,1,-6.434,2.676,-1.104
heme.pdb,"HEME",ATOM,41,C,1,-3.949,-4.008,-0.578
heme.pdb,"HEME",ATOM,42,C,1,-3.075,-5.014,-0.461
heme.pdb,"HEME",ATOM,43,C,1,-5.994,-1.630,-0.852
heme.pdb,"HEME",ATOM,44,H,1,3.566,0.310,-0.263
heme.pdb,"HEME",ATOM,45,H,1,-0.699,5.018,-0.634
heme.pdb,"HEME",ATOM,46,H,1,1.091,-4.951,-1.214
heme.pdb,"HEME",ATOM,47,H,1,0.149,-4.834,0.287
heme.pdb,"HEME",ATOM,48,H,1,1.894,-4.979,0.374
heme.pdb,"HEME",ATOM,49,H,1,4.416,-1.827,-0.752
heme.pdb,"HEME",ATOM,50,H,1,3.870,-3.498,-0.473
heme.pdb,"HEME",ATOM,51,H,1,3.416,-2.537,2.002
heme.pdb,"HEME",ATOM,52,H,1,4.689,-1.390,1.519
heme.pdb,"HEME",ATOM,53,H,1,6.143,-3.822,-0.304
heme.pdb,"HEME",ATOM,54,H,1,4.452,1.749,0.265
heme.pdb,"HEME",ATOM,55,H,1,4.540,3.501,0.210
heme.pdb,"HEME",ATOM,56,H,1,3.978,2.860,-2.443
heme.pdb,"HEME",ATOM,57,H,1,5.044,1.526,-1.939
heme.pdb,"HEME",ATOM,58,H,1,7.460,2.453,-0.791
heme.pdb,"HEME",ATOM,59,H,1,2.346,5.581,-1.486
heme.pdb,"HEME",ATOM,60,H,1,3.098,5.325,0.108
heme.pdb,"HEME",ATOM,61,H,1,1.419,5.905,-0.001
heme.pdb,"HEME",ATOM,62,H,1,-2.919,5.934,-1.944
heme.pdb,"HEME",ATOM,63,H,1,-2.197,5.969,-0.321
heme.pdb,"HEME",ATOM,64,H,1,-3.949,6.044,-0.497
heme.pdb,"HEME",ATOM,65,H,1,-5.648,4.629,-1.115
heme.pdb,"HEME",ATOM,66,H,1,-7.460,3.019,-1.217
heme.pdb,"HEME",ATOM,67,H,1,-6.445,1.815,-1.069
heme.pdb,"HEME",ATOM,68,H,1,-5.015,-4.224,-0.664
heme.pdb,"HEME",ATOM,69,H,1,-3.425,-6.044,-0.451
heme.pdb,"HEME",ATOM,70,H,1,-2.218,-5.052,-0.374
heme.pdb,"HEME",ATOM,71,H,1,-6.266,-1.661,-1.907
heme.pdb,"HEME",ATOM,72,H,1,-6.386,-0.722,-0.402
heme.pdb,"HEME",ATOM,73,H,1,-6.425,-2.488,-0.340
heme.pdb,"HEME",ATOM,74,H,1,-5.388,0.748,-0.916
heme.pdb,"HEME",ATOM,75,H,1,-1.211,-3.962,-0.369
lactose.pdb,"LACTOSE",ATOM,1,C,1,-1.751,2.307,-0.863
lactose.pdb,"LACTOSE",ATOM,2,C,1,-2.630,2.467,0.383
lactose.pdb,"LACTOSE",ATOM,3,C,1,-2.354,1.287,1.317
lactose.pdb,"LACTOSE",ATOM,4,C,1,-0.856,1.212,1.630
lactose.pdb,"LACTOSE",ATOM,5,C,1,-0.037,1.165,0.327
lactose.pdb,"LACTOSE",ATOM,6,O,1,-0.394,2.268,-0.481
lactose.pdb,"LACTOSE",ATOM,7,O,1,1.349,1.250,0.639
lactose.pdb,"LACTOSE",ATOM,8,C,1,2.229,1.267,-0.481
lactose.pdb,"LACTOSE",ATOM,9,C,1,3.443,0.371,-0.159
lactose.pdb,"LACTOSE",ATOM,10,C,1,2.748,2.703,-0.740
lactose.pdb,"LACTOSE",ATOM,11,C,1,3.885,2.679,-1.789
lactose.pdb,"LACTOSE",ATOM,12,C,1,4.966,1.700,-1.351
lactose.pdb,"LACTOSE",ATOM,13,O,1,4.397,0.413,-1.204
lactose.pdb,"LACTOSE",ATOM,14,O,1,5.980,1.622,-2.337
lactose.pdb,"LACTOSE",ATOM,15,O,1,4.402,3.981,-1.939
lactose.pdb,"LACTOSE",ATOM,16,O,1,1.762,3.565,-1.242
lactose.pdb,"LACTOSE",ATOM,17,O,1,-0.573,0.084,2.433
lactose.pdb,"LACTOSE",ATOM,18,O,1,-3.092,1.426,2.514
lactose.pdb,"LACTOSE",ATOM,19,O,1,-2.358,3.677,1.057
lactose.pdb,"LACTOSE",ATOM,20,C,1,-1.929,3.473,-1.847
lactose.pdb,"LACTOSE",ATOM,21,O,1,-1.074,3.308,-2.962
lactose.pdb,"LACTOSE",ATOM,22,C,1,3.012,-1.094,0.030
lactose.pdb,"LACTOSE",ATOM,23,O,1,4.146,-1.902,0.275
lactose.pdb,"LACTOSE",ATOM,24,H,1,-2.017,1.377,-1.368
lactose.pdb,"LACTOSE",ATOM,25,H,1,-3.681,2.450,0.091
lactose.pdb,"LACTOSE",ATOM,26,H,1,-2.664,0.368,0.817
lactose.pdb,"LACTOSE",ATOM,27,H,1,-0.563,2.106,2.184
lactose.pdb,"LACTOSE",ATOM,28,H,1,-0.248,0.235,-0.202
lactose.pdb,"LACTOSE",ATOM,29,H,1,1.751,0.899,-1.387
lactose.pdb,"LACTOSE",ATOM,30,H,1,3.886,0.712,0.779
lactose.pdb,"LACTOSE",ATOM,31,H,1,3.169,3.081,0.182
lactose.pdb,"LACTOSE",ATOM,32,H,1,3.437,2.343,-2.729
lactose.pdb,"LACTOSE",ATOM,33,H,1,5.420,2.015,-0.410
lactose.pdb,"LACTOSE",ATOM,34,H,1,6.555,2.537,-2.352
lactose.pdb,"LACTOSE",ATOM,35,H,1,4.825,4.336,-1.010
lactose.pdb,"LACTOSE",ATOM,36,H,1,1.352,4.184,-0.425
lactose.pdb,"LACTOSE",ATOM,37,H,1,-0.842,-0.825,1.914
lactose.pdb,"LACTOSE",ATOM,38,H,1,-4.151,1.407,2.300
lactose.pdb,"LACTOSE",ATOM,39,H,1,-2.880,4.492,0.578
lactose.pdb,"LACTOSE",ATOM,40,H,1,-1.664,4.411,-1.360
lactose.pdb,"LACTOSE",ATOM,41,H,1,-2.965,3.522,-2.183
lactose.pdb,"LACTOSE",ATOM,42,H,1,-1.345,2.417,-3.510
lactose.pdb,"LACTOSE",ATOM,43,H,1,2.521,-1.441,-0.879
lactose.pdb,"LACTOSE",ATOM,44,H,1,2.316,-1.185,0.866
lactose.pdb,"LACTOSE",ATOM,45,H,1,4.617,-1.610,1.202
lsd.pdb,"LSD, LYSERGIC ACID, DIETHYLAMIDE",ATOM,1,C,1,-2.697,-1.271,1.437
lsd.pdb,"LSD, LYSERGIC ACID, DIETHYLAMIDE",ATOM,2,C,1,-2.126,-0.717,0.282
lsd.pdb,"LSD, LYSERGIC ACID, DIETHYLAMIDE",ATOM,3,C,1,-3.021,-0.234,-0.708
lsd.pdb,"LSD, LYSERGIC ACID, DIETHYLAMIDE",ATOM,4,C,1,-4.413,-0.428,-0.556
lsd.pdb,"LSD, LYSERGIC ACID, DIETHYLAMIDE",ATOM,5,C,1,-4.949,-1.119,0.554
lsd.pdb,"LSD, LYSERGIC ACID, DIETHYLAMIDE",ATOM,6,C,1,-4.059,-1.516,1.553
lsd.pdb,"LSD, LYSERGIC ACID, DIETHYLAMIDE",ATOM,7,N,1,-4.241,-2.471,2.497
lsd.pdb,"LSD, LYSERGIC ACID, DIETHYLAMIDE",ATOM,8,C,1,-3.036,-2.857,2.960
lsd.pdb,"LSD, LYSERGIC ACID, DIETHYLAMIDE",ATOM,9,C,1,-2.037,-2.106,2.326
lsd.pdb,"LSD, LYSERGIC ACID, DIETHYLAMIDE",ATOM,10,C,1,-0.615,-2.577,1.977
lsd.pdb,"LSD, LYSERGIC ACID, DIETHYLAMIDE",ATOM,11,C,1,0.119,-1.421,1.282
lsd.pdb,"LSD, LYSERGIC ACID, DIETHYLAMIDE",ATOM,12,C,1,-0.710,-0.753,0.162
lsd.pdb,"LSD, LYSERGIC ACID, DIETHYLAMIDE",ATOM,13,H,1,0.300,-0.639,2.094
lsd.pdb,"LSD, LYSERGIC ACID, DIETHYLAMIDE",ATOM,14,N,1,1.388,-1.914,0.749
lsd.pdb,"LSD, LYSERGIC ACID, DIETHYLAMIDE",ATOM,15,C,1,-0.013,-0.114,-0.876
lsd.pdb,"LSD, LYSERGIC ACID, DIETHYLAMIDE",ATOM,16,C,1,1.519,-0.062,-0.921
lsd.pdb,"LSD, LYSERGIC ACID, DIETHYLAMIDE",ATOM,17,C,1,2.188,-0.766,0.268
lsd.pdb,"LSD, LYSERGIC ACID, DIETHYLAMIDE",ATOM,18,H,1,1.852,-0.599,-1.846
lsd.pdb,"LSD, LYSERGIC ACID, DIETHYLAMIDE",ATOM,19,C,1,1.972,1.398,-0.946
lsd.pdb,"LSD, LYSERGIC ACID, DIETHYLAMIDE",ATOM,20,O,1,1.227,2.309,-0.252
lsd.pdb,"LSD, LYSERGIC ACID, DIETHYLAMIDE",ATOM,21,N,1,3.346,1.735,-1.342
lsd.pdb,"LSD, LYSERGIC ACID, DIETHYLAMIDE",ATOM,22,C,1,3.754,3.060,-0.781
lsd.pdb,"LSD, LYSERGIC ACID, DIETHYLAMIDE",ATOM,21,C,1,5.214,3.412,-1.048
lsd.pdb,"LSD, LYSERGIC ACID, DIETHYLAMIDE",ATOM,24,C,1,3.538,1.630,-2.822
lsd.pdb,"LSD, LYSERGIC ACID, DIETHYLAMIDE",ATOM,25,C,1,4.848,0.923,-3.149
lsd.pdb,"LSD, LYSERGIC ACID, DIETHYLAMIDE",ATOM,26,H,1,-2.661,0.224,-1.617
lsd.pdb,"LSD, LYSERGIC ACID, DIETHYLAMIDE",ATOM,27,H,1,-5.075,-0.101,-1.344
lsd.pdb,"LSD, LYSERGIC ACID, DIETHYLAMIDE",ATOM,28,H,1,-5.995,-1.385,0.616
lsd.pdb,"LSD, LYSERGIC ACID, DIETHYLAMIDE",ATOM,29,H,1,-5.144,-3.055,2.631
lsd.pdb,"LSD, LYSERGIC ACID, DIETHYLAMIDE",ATOM,30,H,1,-2.844,-3.801,3.451
lsd.pdb,"LSD, LYSERGIC ACID, DIETHYLAMIDE",ATOM,31,H,1,-0.701,-3.442,1.316
lsd.pdb,"LSD, LYSERGIC ACID, DIETHYLAMIDE",ATOM,32,H,1,-0.110,-2.884,2.898
lsd.pdb,"LSD, LYSERGIC ACID, DIETHYLAMIDE",ATOM,33,H,1,-0.558,0.396,-1.651
lsd.pdb,"LSD, LYSERGIC ACID, DIETHYLAMIDE",ATOM,34,H,1,2.320,-0.064,1.092
lsd.pdb,"LSD, LYSERGIC ACID, DIETHYLAMIDE",ATOM,35,H,1,3.179,-1.115,-0.035
lsd.pdb,"LSD, LYSERGIC ACID, DIETHYLAMIDE",ATOM,36,H,1,3.590,3.043,0.289
lsd.pdb,"LSD, LYSERGIC ACID, DIETHYLAMIDE",ATOM,37,H,1,3.115,3.833,-1.214
lsd.pdb,"LSD, LYSERGIC ACID, DIETHYLAMIDE",ATOM,38,H,1,5.370,3.618,-2.167
lsd.pdb,"LSD, LYSERGIC ACID, DIETHYLAMIDE",ATOM,39,H,1,5.888,2.566,-0.704
lsd.pdb,"LSD, LYSERGIC ACID, DIETHYLAMIDE",ATOM,40,H,1,5.482,4.388,-0.447
lsd.pdb,"LSD, LYSERGIC ACID, DIETHYLAMIDE",ATOM,41,H,1,3.515,2.632,-3.251
lsd.pdb,"LSD, LYSERGIC ACID, DIETHYLAMIDE",ATOM,42,H,1,2.713,1.085,-3.258
lsd.pdb,"LSD, LYSERGIC ACID, DIETHYLAMIDE",ATOM,43,H,1,4.872,-0.106,-2.644
lsd.pdb,"LSD, LYSERGIC ACID, DIETHYLAMIDE",ATOM,44,H,1,5.750,1.550,-2.790
lsd.pdb,"LSD, LYSERGIC ACID, DIETHYLAMIDE",ATOM,45,H,1,4.922,0.787,-4.320
lsd.pdb,"LSD, LYSERGIC ACID, DIETHYLAMIDE",ATOM,46,C,1,1.690,-3.403,0.759
lsd.pdb,"LSD, LYSERGIC ACID, DIETHYLAMIDE",ATOM,47,H,1,0.936,-3.931,0.174
lsd.pdb,"LSD, LYSERGIC ACID, DIETHYLAMIDE",ATOM,48,H,1,1.675,-3.770,1.786
lsd.pdb,"LSD, LYSERGIC ACID, DIETHYLAMIDE",ATOM,49,H,1,2.674,-3.578,0.325
maltose.pdb,"mALTOSE",ATOM,1,C,1,-1.194,0.890,0.052
maltose.pdb,"mALTOSE",ATOM,2,C,1,-2.033,1.672,1.075
maltose.pdb,"mALTOSE",ATOM,3,C,1,-3.272,0.905,1.549
maltose.pdb,"mALTOSE",ATOM,4,C,1,-4.036,0.377,0.329
maltose.pdb,"mALTOSE",ATOM,5,C,1,-3.071,-0.476,-0.504
maltose.pdb,"mALTOSE",ATOM,6,C,1,-3.796,-1.094,-1.710
maltose.pdb,"mALTOSE",ATOM,7,O,1,-2.020,0.354,-0.981
maltose.pdb,"mALTOSE",ATOM,8,O,1,-2.902,-1.888,-2.464
maltose.pdb,"mALTOSE",ATOM,9,O,1,-1.243,2.038,2.192
maltose.pdb,"mALTOSE",ATOM,10,O,1,-4.095,1.764,2.313
maltose.pdb,"mALTOSE",ATOM,11,O,1,-5.143,-0.398,0.750
maltose.pdb,"mALTOSE",ATOM,12,O,1,-0.402,-0.165,0.587
maltose.pdb,"mALTOSE",ATOM,13,C,1,1.000,0.108,0.705
maltose.pdb,"mALTOSE",ATOM,14,C,1,1.607,-0.955,1.647
maltose.pdb,"mALTOSE",ATOM,15,C,1,3.108,-0.693,1.825
maltose.pdb,"mALTOSE",ATOM,16,C,1,3.796,-0.629,0.456
maltose.pdb,"mALTOSE",ATOM,17,C,1,1.797,0.015,-0.620
maltose.pdb,"mALTOSE",ATOM,18,C,1,1.358,0.980,-1.728
maltose.pdb,"mALTOSE",ATOM,19,O,1,2.268,0.945,-2.813
maltose.pdb,"mALTOSE",ATOM,20,O,1,3.154,0.334,-0.351
maltose.pdb,"mALTOSE",ATOM,21,O,1,5.146,-0.233,0.596
maltose.pdb,"mALTOSE",ATOM,22,O,1,3.696,-1.708,2.619
maltose.pdb,"mALTOSE",ATOM,23,O,1,0.985,-0.941,2.915
maltose.pdb,"mALTOSE",ATOM,24,H,1,-0.600,1.629,-0.378
maltose.pdb,"mALTOSE",ATOM,25,H,1,-2.380,2.596,0.603
maltose.pdb,"mALTOSE",ATOM,26,H,1,-2.959,0.061,2.167
maltose.pdb,"mALTOSE",ATOM,27,H,1,-4.391,1.212,-0.277
maltose.pdb,"mALTOSE",ATOM,28,H,1,-2.676,-1.283,0.116
maltose.pdb,"mALTOSE",ATOM,29,H,1,-4.179,-0.296,-2.347
maltose.pdb,"mALTOSE",ATOM,30,H,1,-4.629,-1.716,-1.381
maltose.pdb,"mALTOSE",ATOM,31,H,1,-2.567,-2.730,-1.874
maltose.pdb,"mALTOSE",ATOM,32,H,1,-0.480,2.739,1.883
maltose.pdb,"mALTOSE",ATOM,33,H,1,-4.441,2.594,1.712
maltose.pdb,"mALTOSE",ATOM,34,H,1,-5.911,0.238,1.166
maltose.pdb,"mALTOSE",ATOM,35,H,1,1.142,1.091,1.156
maltose.pdb,"mALTOSE",ATOM,36,H,1,1.467,-1.939,1.194
maltose.pdb,"mALTOSE",ATOM,37,H,1,3.242,0.265,2.331
maltose.pdb,"mALTOSE",ATOM,38,H,1,3.758,-1.604,-0.032
maltose.pdb,"mALTOSE",ATOM,39,H,1,1.727,-1.001,-1.014
maltose.pdb,"mALTOSE",ATOM,40,H,1,1.343,2.007,-1.355
maltose.pdb,"mALTOSE",ATOM,41,H,1,0.376,0.718,-2.121
maltose.pdb,"mALTOSE",ATOM,42,H,1,2.263,-0.038,-3.263
maltose.pdb,"mALTOSE",ATOM,43,H,1,5.721,-1.020,1.062
maltose.pdb,"mALTOSE",ATOM,44,H,1,3.590,-2.670,2.138
maltose.pdb,"mALTOSE",ATOM,45,H,1,-0.006,-1.367,2.855
menthol.pdb,"MENTHOL",ATOM,1,C,1,2.007,0.837,-0.426
menthol.pdb,"MENTHOL",ATOM,2,C,1,1.103,1.677,-1.313
menthol.pdb,"MENTHOL",ATOM,3,C,1,0.026,0.777,-1.900
menthol.pdb,"MENTHOL",ATOM,4,C,1,-0.811,0.124,-0.800
menthol.pdb,"MENTHOL",ATOM,5,C,1,0.068,-0.698,0.172
menthol.pdb,"MENTHOL",ATOM,6,C,1,1.197,0.205,0.701
menthol.pdb,"MENTHOL",ATOM,7,H,1,2.781,1.477,0.009
menthol.pdb,"MENTHOL",ATOM,8,H,1,2.483,0.053,-1.023
menthol.pdb,"MENTHOL",ATOM,9,H,1,0.647,2.475,-0.725
menthol.pdb,"MENTHOL",ATOM,10,H,1,0.491,0.005,-2.518
menthol.pdb,"MENTHOL",ATOM,11,H,1,-0.639,1.383,-2.522
menthol.pdb,"MENTHOL",ATOM,12,H,1,-1.350,0.878,-0.223
menthol.pdb,"MENTHOL",ATOM,13,H,1,0.520,-1.524,-0.381
menthol.pdb,"MENTHOL",ATOM,14,H,1,1.899,-0.397,1.296
menthol.pdb,"MENTHOL",ATOM,15,H,1,0.769,0.991,1.338
menthol.pdb,"MENTHOL",ATOM,16,C,1,1.920,2.324,-2.436
menthol.pdb,"MENTHOL",ATOM,17,H,1,2.396,1.556,-3.045
menthol.pdb,"MENTHOL",ATOM,18,H,1,2.689,2.970,-2.010
menthol.pdb,"MENTHOL",ATOM,19,H,1,1.265,2.925,-3.069
menthol.pdb,"MENTHOL",ATOM,20,C,1,-0.738,-1.284,1.368
menthol.pdb,"MENTHOL",ATOM,21,C,1,0.178,-2.060,2.327
menthol.pdb,"MENTHOL",ATOM,22,C,1,-1.848,-2.234,0.936
menthol.pdb,"MENTHOL",ATOM,23,O,1,-1.759,-0.703,-1.456
menthol.pdb,"MENTHOL",ATOM,24,H,1,-1.172,-0.448,1.922
menthol.pdb,"MENTHOL",ATOM,25,H,1,0.842,-1.380,2.861
menthol.pdb,"MENTHOL",ATOM,26,H,1,0.768,-2.793,1.770
menthol.pdb,"MENTHOL",ATOM,27,H,1,-0.427,-2.583,3.069
menthol.pdb,"MENTHOL",ATOM,28,H,1,-1.468,-2.970,0.149
menthol.pdb,"MENTHOL",ATOM,29,H,1,-2.781,-1.610,0.492
menthol.pdb,"MENTHOL",ATOM,30,H,1,-2.240,-2.828,1.850
menthol.pdb,"MENTHOL",ATOM,31,H,1,-2.445,-0.089,-2.008
methane.pdb,"METHANE",ATOM,1,C,1,0.257,-0.363,0.000
methane.pdb,"METHANE",ATOM,2,H,1,0.257,0.727,0.000
methane.pdb,"METHANE",ATOM,3,H,1,0.771,-0.727,0.890
methane.pdb,"METHANE",ATOM,4,H,1,0.771,-0.727,-0.890
methane.pdb,"METHANE",ATOM,5,H,1,-0.771,-0.727,0.000
methanol.pdb,"METHANOL",ATOM,1,C,1,-0.748,-0.015,0.024
methanol.pdb,"METHANOL",ATOM,2,O,1,0.558,0.420,-0.278
methanol.pdb,"METHANOL",ATOM,3,H,1,-1.293,-0.202,-0.901
methanol.pdb,"METHANOL",ATOM,4,H,1,-1.263,0.754,0.600
methanol.pdb,"METHANOL",ATOM,5,H,1,-0.699,-0.934,0.609
methanol.pdb,"METHANOL",ATOM,6,H,1,0.716,1.404,0.137
mint.pdb,"(R)-HYDROXYDIHYDROCITRONELLAL",ATOM,1,C,1,4.705,-0.311,-0.346
mint.pdb,"(R)-HYDROXYDIHYDROCITRONELLAL",ATOM,2,C,1,3.370,-0.064,0.370
mint.pdb,"(R)-HYDROXYDIHYDROCITRONELLAL",ATOM,3,C,1,2.226,-0.448,-0.585
mint.pdb,"(R)-HYDROXYDIHYDROCITRONELLAL",ATOM,4,C,1,0.837,-0.285,0.057
mint.pdb,"(R)-HYDROXYDIHYDROCITRONELLAL",ATOM,5,C,1,-0.260,-0.677,-0.940
mint.pdb,"(R)-HYDROXYDIHYDROCITRONELLAL",ATOM,6,C,1,-1.654,-0.501,-0.320
mint.pdb,"(R)-HYDROXYDIHYDROCITRONELLAL",ATOM,7,C,1,-2.726,-1.010,-1.291
mint.pdb,"(R)-HYDROXYDIHYDROCITRONELLAL",ATOM,8,C,1,-4.118,-0.952,-0.653
mint.pdb,"(R)-HYDROXYDIHYDROCITRONELLAL",ATOM,9,C,1,3.292,1.423,0.769
mint.pdb,"(R)-HYDROXYDIHYDROCITRONELLAL",ATOM,10,C,1,-1.912,0.971,0.007
mint.pdb,"(R)-HYDROXYDIHYDROCITRONELLAL",ATOM,11,O,1,-5.235,-1.111,-1.430
mint.pdb,"(R)-HYDROXYDIHYDROCITRONELLAL",ATOM,12,O,1,3.312,-0.870,1.530
mint.pdb,"(R)-HYDROXYDIHYDROCITRONELLAL",ATOM,13,H,1,4.515,-0.693,-1.349
mint.pdb,"(R)-HYDROXYDIHYDROCITRONELLAL",ATOM,14,H,1,5.289,-1.041,0.215
mint.pdb,"(R)-HYDROXYDIHYDROCITRONELLAL",ATOM,15,H,1,5.261,0.624,-0.413
mint.pdb,"(R)-HYDROXYDIHYDROCITRONELLAL",ATOM,16,H,1,2.335,-1.491,-0.882
mint.pdb,"(R)-HYDROXYDIHYDROCITRONELLAL",ATOM,17,H,1,2.261,0.188,-1.469
mint.pdb,"(R)-HYDROXYDIHYDROCITRONELLAL",ATOM,18,H,1,0.694,0.754,0.353
mint.pdb,"(R)-HYDROXYDIHYDROCITRONELLAL",ATOM,19,H,1,0.766,-0.927,0.935
mint.pdb,"(R)-HYDROXYDIHYDROCITRONELLAL",ATOM,20,H,1,-0.134,-1.721,-1.226
mint.pdb,"(R)-HYDROXYDIHYDROCITRONELLAL",ATOM,21,H,1,-0.189,-0.046,-1.826
mint.pdb,"(R)-HYDROXYDIHYDROCITRONELLAL",ATOM,22,H,1,-1.712,-1.068,0.609
mint.pdb,"(R)-HYDROXYDIHYDROCITRONELLAL",ATOM,23,H,1,-2.509,-2.043,-1.562
mint.pdb,"(R)-HYDROXYDIHYDROCITRONELLAL",ATOM,24,H,1,-2.728,-0.391,-2.188
mint.pdb,"(R)-HYDROXYDIHYDROCITRONELLAL",ATOM,25,H,1,-4.219,-0.787,0.409
mint.pdb,"(R)-HYDROXYDIHYDROCITRONELLAL",ATOM,26,H,1,3.353,2.043,-0.125
mint.pdb,"(R)-HYDROXYDIHYDROCITRONELLAL",ATOM,27,H,1,4.120,1.664,1.436
mint.pdb,"(R)-HYDROXYDIHYDROCITRONELLAL",ATOM,28,H,1,2.348,1.613,1.279
mint.pdb,"(R)-HYDROXYDIHYDROCITRONELLAL",ATOM,29,H,1,-1.854,1.562,-0.907
mint.pdb,"(R)-HYDROXYDIHYDROCITRONELLAL",ATOM,30,H,1,-1.162,1.323,0.716
mint.pdb,"(R)-HYDROXYDIHYDROCITRONELLAL",ATOM,31,H,1,-2.904,1.077,0.446
mint.pdb,"(R)-HYDROXYDIHYDROCITRONELLAL",ATOM,32,H,1,4.130,-0.614,2.188
morphine.pdb,"MORPHINE",ATOM,1,C,1,0.205,1.266,-1.134
morphine.pdb,"MORPHINE",ATOM,2,C,1,-0.284,2.165,-2.099
morphine.pdb,"MORPHINE",ATOM,3,C,1,-1.562,2.753,-1.945
morphine.pdb,"MORPHINE",ATOM,4,C,1,-2.380,2.407,-0.841
morphine.pdb,"MORPHINE",ATOM,5,C,1,-1.872,1.519,0.115
morphine.pdb,"MORPHINE",ATOM,6,C,1,-0.603,1.008,-0.018
morphine.pdb,"MORPHINE",ATOM,7,C,1,-0.361,-0.061,0.993
morphine.pdb,"MORPHINE",ATOM,8,C,1,0.589,-1.141,0.497
morphine.pdb,"MORPHINE",ATOM,9,C,1,1.826,-0.446,-0.092
morphine.pdb,"MORPHINE",ATOM,10,C,1,1.457,0.410,-1.353
morphine.pdb,"MORPHINE",ATOM,11,C,1,-1.842,-0.443,1.259
morphine.pdb,"MORPHINE",ATOM,12,C,1,0.304,0.606,2.203
morphine.pdb,"MORPHINE",ATOM,13,C,1,1.641,1.260,1.781
morphine.pdb,"MORPHINE",ATOM,14,N,1,2.490,0.319,1.002
morphine.pdb,"MORPHINE",ATOM,15,C,1,3.778,0.959,0.609
morphine.pdb,"MORPHINE",ATOM,16,H,1,0.915,-1.733,1.353
morphine.pdb,"MORPHINE",ATOM,17,C,1,-0.061,-2.116,-0.469
morphine.pdb,"MORPHINE",ATOM,18,C,1,-1.376,-2.518,-0.226
morphine.pdb,"MORPHINE",ATOM,19,C,1,-2.410,-1.521,0.299
morphine.pdb,"MORPHINE",ATOM,20,H,1,-1.939,-0.801,2.284
morphine.pdb,"MORPHINE",ATOM,21,O,1,-2.606,0.768,1.078
morphine.pdb,"MORPHINE",ATOM,22,H,1,-3.177,-2.075,0.841
morphine.pdb,"MORPHINE",ATOM,23,O,1,-3.025,-0.945,-0.842
morphine.pdb,"MORPHINE",ATOM,24,O,1,-3.711,2.880,-0.762
morphine.pdb,"MORPHINE",ATOM,25,H,1,0.305,2.369,-2.981
morphine.pdb,"MORPHINE",ATOM,26,H,1,-1.932,3.421,-2.710
morphine.pdb,"MORPHINE",ATOM,27,H,1,2.513,-1.220,-0.440
morphine.pdb,"MORPHINE",ATOM,28,H,1,1.218,-0.302,-2.155
morphine.pdb,"MORPHINE",ATOM,29,H,1,2.299,1.087,-1.531
morphine.pdb,"MORPHINE",ATOM,30,H,1,0.493,-0.137,2.981
morphine.pdb,"MORPHINE",ATOM,31,H,1,-0.345,1.389,2.599
morphine.pdb,"MORPHINE",ATOM,32,H,1,2.169,1.555,2.692
morphine.pdb,"MORPHINE",ATOM,33,H,1,1.412,2.124,1.155
morphine.pdb,"MORPHINE",ATOM,34,H,1,4.341,1.151,1.530
morphine.pdb,"MORPHINE",ATOM,35,H,1,3.556,1.822,-0.030
morphine.pdb,"MORPHINE",ATOM,36,H,1,4.369,0.275,0.003
morphine.pdb,"MORPHINE",ATOM,37,H,1,0.580,-2.741,-1.073
morphine.pdb,"MORPHINE",ATOM,38,H,1,-1.727,-3.421,-0.703
morphine.pdb,"MORPHINE",ATOM,39,H,1,-3.565,-1.698,-1.399
morphine.pdb,"MORPHINE",ATOM,40,H,1,-4.369,2.204,-1.290
mustard.pdb,"SINIGRIN",ATOM,1,C,1,-3.194,1.453,-0.615
mustard.pdb,"SINIGRIN",ATOM,2,C,1,-4.200,1.391,0.546
mustard.pdb,"SINIGRIN",ATOM,3,C,1,-3.614,0.567,1.701
mustard.pdb,"SINIGRIN",ATOM,4,C,1,-2.247,1.146,2.079
mustard.pdb,"SINIGRIN",ATOM,5,C,1,-1.362,1.173,0.828
mustard.pdb,"SINIGRIN",ATOM,6,O,1,-1.958,1.986,-0.166
mustard.pdb,"SINIGRIN",ATOM,7,O,1,-1.648,0.356,3.089
mustard.pdb,"SINIGRIN",ATOM,8,O,1,-4.466,0.605,2.829
mustard.pdb,"SINIGRIN",ATOM,9,O,1,-5.420,0.820,0.110
mustard.pdb,"SINIGRIN",ATOM,10,C,1,-3.732,2.343,-1.742
mustard.pdb,"SINIGRIN",ATOM,11,O,1,-2.786,2.441,-2.787
mustard.pdb,"SINIGRIN",ATOM,12,H,1,-1.263,0.157,0.450
mustard.pdb,"SINIGRIN",ATOM,13,S,1,0.271,1.835,1.238
mustard.pdb,"SINIGRIN",ATOM,14,C,1,1.358,0.821,0.205
mustard.pdb,"SINIGRIN",ATOM,15,N,1,2.408,1.393,-0.407
mustard.pdb,"SINIGRIN",ATOM,16,O,1,3.386,0.528,-1.148
mustard.pdb,"SINIGRIN",ATOM,17,S,1,4.564,1.406,-1.776
mustard.pdb,"SINIGRIN",ATOM,18,O,1,5.498,0.470,-2.581
mustard.pdb,"SINIGRIN",ATOM,19,O,1,5.372,2.081,-0.641
mustard.pdb,"SINIGRIN",ATOM,20,C,1,1.258,-0.708,0.267
mustard.pdb,"SINIGRIN",ATOM,21,C,1,0.769,-1.246,-1.077
mustard.pdb,"SINIGRIN",ATOM,22,C,1,0.552,-2.614,-1.258
mustard.pdb,"SINIGRIN",ATOM,23,H,1,-3.031,0.448,-1.010
mustard.pdb,"SINIGRIN",ATOM,24,H,1,-4.396,2.404,0.900
mustard.pdb,"SINIGRIN",ATOM,25,H,1,-3.489,-0.469,1.380
mustard.pdb,"SINIGRIN",ATOM,26,H,1,-2.375,2.163,2.452
mustard.pdb,"SINIGRIN",ATOM,27,H,1,-1.505,-0.657,2.741
mustard.pdb,"SINIGRIN",ATOM,28,H,1,-5.370,0.046,2.634
mustard.pdb,"SINIGRIN",ATOM,29,H,1,-5.258,-0.185,-0.252
mustard.pdb,"SINIGRIN",ATOM,30,H,1,-3.933,3.342,-1.354
mustard.pdb,"SINIGRIN",ATOM,31,H,1,-4.656,1.922,-2.140
mustard.pdb,"SINIGRIN",ATOM,32,H,1,-2.620,1.468,-3.228
mustard.pdb,"SINIGRIN",ATOM,33,H,1,0.555,-1.008,1.048
mustard.pdb,"SINIGRIN",ATOM,34,H,1,2.235,-1.142,0.494
mustard.pdb,"SINIGRIN",ATOM,35,H,1,0.591,-0.533,-1.949
mustard.pdb,"SINIGRIN",ATOM,36,H,1,0.214,-2.992,-2.221
mustard.pdb,"SINIGRIN",ATOM,37,H,1,0.718,-3.300,-0.438
nerol.pdb,"NEROL",ATOM,1,C,1,3.275,-1.876,-0.001
nerol.pdb,"NEROL",ATOM,2,C,1,3.290,-0.347,-0.003
nerol.pdb,"NEROL",ATOM,3,C,1,2.099,0.401,-0.001
nerol.pdb,"NEROL",ATOM,4,C,1,2.235,1.941,-0.001
nerol.pdb,"NEROL",ATOM,5,C,1,0.744,-0.317,0.002
nerol.pdb,"NEROL",ATOM,6,C,1,-0.464,0.627,0.000
nerol.pdb,"NEROL",ATOM,7,C,1,-1.781,-0.150,0.000
nerol.pdb,"NEROL",ATOM,8,C,1,-3.014,0.522,0.000
nerol.pdb,"NEROL",ATOM,9,C,1,-4.311,-0.290,0.000
nerol.pdb,"NEROL",ATOM,10,C,1,-3.067,2.051,0.000
nerol.pdb,"NEROL",ATOM,11,O,1,4.600,-2.373,0.001
nerol.pdb,"NEROL",ATOM,12,H,1,2.763,-2.241,-0.892
nerol.pdb,"NEROL",ATOM,13,H,1,2.757,-2.241,0.886
nerol.pdb,"NEROL",ATOM,14,H,1,4.235,0.178,-0.010
nerol.pdb,"NEROL",ATOM,15,H,1,2.817,2.219,-0.882
nerol.pdb,"NEROL",ATOM,16,H,1,2.820,2.219,0.879
nerol.pdb,"NEROL",ATOM,17,H,1,1.237,2.381,0.000
nerol.pdb,"NEROL",ATOM,18,H,1,0.683,-0.947,0.890
nerol.pdb,"NEROL",ATOM,19,H,1,0.682,-0.953,-0.881
nerol.pdb,"NEROL",ATOM,20,H,1,-0.419,1.275,-0.875
nerol.pdb,"NEROL",ATOM,21,H,1,-0.420,1.278,0.872
nerol.pdb,"NEROL",ATOM,22,H,1,-1.758,-1.230,0.001
nerol.pdb,"NEROL",ATOM,23,H,1,-4.341,-0.921,0.889
nerol.pdb,"NEROL",ATOM,24,H,1,-4.341,-0.921,-0.889
nerol.pdb,"NEROL",ATOM,25,H,1,-5.171,0.380,0.000
nerol.pdb,"NEROL",ATOM,26,H,1,-2.562,2.432,-0.888
nerol.pdb,"NEROL",ATOM,27,H,1,-2.564,2.432,0.889
nerol.pdb,"NEROL",ATOM,28,H,1,-4.104,2.386,-0.001
nerol.pdb,"NEROL",ATOM,29,H,1,5.094,-2.106,0.924
norethindrone.pdb,"Norethindrone",ATOM,1,C,1,-1.594,-1.694,0.363
norethindrone.pdb,"Norethindrone",ATOM,2,C,1,-2.334,-1.616,1.720
norethindrone.pdb,"Norethindrone",ATOM,3,C,1,-3.753,-2.210,1.582
norethindrone.pdb,"Norethindrone",ATOM,4,C,1,-4.473,-1.398,0.442
norethindrone.pdb,"Norethindrone",ATOM,5,C,1,-3.796,-0.974,-0.653
norethindrone.pdb,"Norethindrone",ATOM,6,C,1,-2.468,-1.131,-0.767
norethindrone.pdb,"Norethindrone",ATOM,7,C,1,-1.821,-0.885,-2.125
norethindrone.pdb,"Norethindrone",ATOM,8,C,1,-0.531,-0.093,-1.939
norethindrone.pdb,"Norethindrone",ATOM,9,C,1,0.399,-0.853,-0.963
norethindrone.pdb,"Norethindrone",ATOM,10,C,1,-0.271,-0.894,0.440
norethindrone.pdb,"Norethindrone",ATOM,11,C,1,0.676,-1.490,1.526
norethindrone.pdb,"Norethindrone",ATOM,12,C,1,2.043,-0.761,1.534
norethindrone.pdb,"Norethindrone",ATOM,13,C,1,2.684,-0.790,0.159
norethindrone.pdb,"Norethindrone",ATOM,14,C,1,1.740,-0.095,-0.797
norethindrone.pdb,"Norethindrone",ATOM,15,C,1,3.910,0.103,-0.005
norethindrone.pdb,"Norethindrone",ATOM,16,C,1,4.010,0.362,-1.558
norethindrone.pdb,"Norethindrone",ATOM,17,C,1,2.562,0.131,-2.096
norethindrone.pdb,"Norethindrone",ATOM,18,C,1,3.068,-2.198,-0.259
norethindrone.pdb,"Norethindrone",ATOM,19,O,1,-5.767,-1.223,0.533
norethindrone.pdb,"Norethindrone",ATOM,20,C,1,3.753,1.463,0.709
norethindrone.pdb,"Norethindrone",ATOM,21,C,1,3.587,2.510,1.272
norethindrone.pdb,"Norethindrone",ATOM,22,O,1,5.172,-0.566,0.483
norethindrone.pdb,"Norethindrone",ATOM,23,H,1,-1.375,-2.735,0.125
norethindrone.pdb,"Norethindrone",ATOM,24,H,1,-2.410,-0.575,2.038
norethindrone.pdb,"Norethindrone",ATOM,25,H,1,-1.782,-2.185,2.467
norethindrone.pdb,"Norethindrone",ATOM,26,H,1,-4.293,-2.189,2.532
norethindrone.pdb,"Norethindrone",ATOM,27,H,1,-3.638,-3.244,1.257
norethindrone.pdb,"Norethindrone",ATOM,28,H,1,-4.345,-0.525,-1.483
norethindrone.pdb,"Norethindrone",ATOM,29,H,1,-1.630,-1.826,-2.643
norethindrone.pdb,"Norethindrone",ATOM,30,H,1,-2.490,-0.266,-2.719
norethindrone.pdb,"Norethindrone",ATOM,31,H,1,-0.737,0.925,-1.603
norethindrone.pdb,"Norethindrone",ATOM,32,H,1,-0.059,-0.066,-2.920
norethindrone.pdb,"Norethindrone",ATOM,33,H,1,0.554,-1.860,-1.349
norethindrone.pdb,"Norethindrone",ATOM,34,H,1,-0.511,0.132,0.720
norethindrone.pdb,"Norethindrone",ATOM,35,H,1,0.246,-1.457,2.527
norethindrone.pdb,"Norethindrone",ATOM,36,H,1,0.848,-2.529,1.265
norethindrone.pdb,"Norethindrone",ATOM,37,H,1,2.720,-1.274,2.216
norethindrone.pdb,"Norethindrone",ATOM,38,H,1,1.917,0.270,1.863
norethindrone.pdb,"Norethindrone",ATOM,39,H,1,1.524,0.872,-0.345
norethindrone.pdb,"Norethindrone",ATOM,40,H,1,4.708,-0.317,-2.054
norethindrone.pdb,"Norethindrone",ATOM,41,H,1,4.322,1.391,-1.732
norethindrone.pdb,"Norethindrone",ATOM,42,H,1,2.564,-0.841,-2.578
norethindrone.pdb,"Norethindrone",ATOM,43,H,1,2.174,0.891,-2.782
norethindrone.pdb,"Norethindrone",ATOM,44,H,1,2.190,-2.833,-0.301
norethindrone.pdb,"Norethindrone",ATOM,45,H,1,3.761,-2.594,0.480
norethindrone.pdb,"Norethindrone",ATOM,46,H,1,3.550,-2.197,-1.232
norethindrone.pdb,"Norethindrone",ATOM,47,H,1,3.459,3.468,1.774
norethindrone.pdb,"Norethindrone",ATOM,48,H,1,5.259,-0.805,1.503
octane.pdb,"OCTANE",ATOM,1,C,1,-4.397,0.370,-0.255
octane.pdb,"OCTANE",ATOM,2,C,1,-3.113,-0.447,-0.421
octane.pdb,"OCTANE",ATOM,3,C,1,-1.896,0.386,-0.007
octane.pdb,"OCTANE",ATOM,4,C,1,-0.611,-0.426,-0.198
octane.pdb,"OCTANE",ATOM,5,C,1,0.608,0.405,0.216
octane.pdb,"OCTANE",ATOM,6,C,1,1.892,-0.400,0.001
octane.pdb,"OCTANE",ATOM,7,C,1,3.113,0.429,0.414
octane.pdb,"OCTANE",ATOM,8,C,1,4.397,-0.374,0.199
octane.pdb,"OCTANE",ATOM,9,H,1,-4.502,0.681,0.785
octane.pdb,"OCTANE",ATOM,10,H,1,-5.254,-0.243,-0.537
octane.pdb,"OCTANE",ATOM,11,H,1,-4.357,1.252,-0.895
octane.pdb,"OCTANE",ATOM,12,H,1,-3.009,-0.741,-1.467
octane.pdb,"OCTANE",ATOM,13,H,1,-3.172,-1.337,0.206
octane.pdb,"OCTANE",ATOM,14,H,1,-1.992,0.668,1.044
octane.pdb,"OCTANE",ATOM,15,H,1,-1.849,1.286,-0.621
octane.pdb,"OCTANE",ATOM,16,H,1,-0.515,-0.707,-1.248
octane.pdb,"OCTANE",ATOM,17,H,1,-0.659,-1.326,0.417
octane.pdb,"OCTANE",ATOM,18,H,1,0.520,0.671,1.270
octane.pdb,"OCTANE",ATOM,19,H,1,0.645,1.314,-0.386
octane.pdb,"OCTANE",ATOM,20,H,1,1.979,-0.666,-1.054
octane.pdb,"OCTANE",ATOM,21,H,1,1.855,-1.309,0.604
octane.pdb,"OCTANE",ATOM,22,H,1,3.030,0.696,1.467
octane.pdb,"OCTANE",ATOM,23,H,1,3.155,1.337,-0.188
octane.pdb,"OCTANE",ATOM,24,H,1,4.493,-0.641,-0.854
octane.pdb,"OCTANE",ATOM,25,H,1,4.368,-1.282,0.801
octane.pdb,"OCTANE",ATOM,26,H,1,5.254,0.230,0.498
pentane.pdb,"PENTANE",ATOM,1,C,1,2.484,-0.389,0.322
pentane.pdb,"PENTANE",ATOM,2,C,1,1.261,0.350,-0.243
pentane.pdb,"PENTANE",ATOM,3,C,1,-0.027,-0.348,0.199
pentane.pdb,"PENTANE",ATOM,4,C,1,-1.249,0.421,-0.326
pentane.pdb,"PENTANE",ATOM,5,C,1,-2.536,-0.311,0.047
pentane.pdb,"PENTANE",ATOM,6,H,1,2.471,-1.420,-0.033
pentane.pdb,"PENTANE",ATOM,7,H,1,2.443,-0.371,1.412
pentane.pdb,"PENTANE",ATOM,8,H,1,3.393,0.112,-0.016
pentane.pdb,"PENTANE",ATOM,9,H,1,1.324,0.350,-1.332
pentane.pdb,"PENTANE",ATOM,10,H,1,1.271,1.378,0.122
pentane.pdb,"PENTANE",ATOM,11,H,1,-0.074,-0.384,1.288
pentane.pdb,"PENTANE",ATOM,12,H,1,-0.048,-1.362,-0.205
pentane.pdb,"PENTANE",ATOM,13,H,1,-1.183,0.500,-1.412
pentane.pdb,"PENTANE",ATOM,14,H,1,-1.259,1.420,0.112
pentane.pdb,"PENTANE",ATOM,15,H,1,-2.608,-0.407,1.130
pentane.pdb,"PENTANE",ATOM,16,H,1,-2.540,-1.303,-0.404
pentane.pdb,"PENTANE",ATOM,17,H,1,-3.393,0.254,-0.321
piperine.pdb,"Piperine",ATOM,1,C,1,-4.603,-1.688,0.777
piperine.pdb,"Piperine",ATOM,2,C,1,-3.225,-1.468,0.876
piperine.pdb,"Piperine",ATOM,3,C,1,-2.651,-0.365,0.203
piperine.pdb,"Piperine",ATOM,4,C,1,-3.497,0.506,-0.541
piperine.pdb,"Piperine",ATOM,5,C,1,-4.880,0.263,-0.631
piperine.pdb,"Piperine",ATOM,6,C,1,-5.413,-0.841,0.036
piperine.pdb,"Piperine",ATOM,7,O,1,-6.747,-1.261,0.094
piperine.pdb,"Piperine",ATOM,8,C,1,-6.709,-2.420,0.937
piperine.pdb,"Piperine",ATOM,9,O,1,-5.366,-2.707,1.354
piperine.pdb,"Piperine",ATOM,10,C,1,-1.258,-0.172,0.317
piperine.pdb,"Piperine",ATOM,11,C,1,-0.531,0.773,-0.435
piperine.pdb,"Piperine",ATOM,12,C,1,0.850,0.926,-0.242
piperine.pdb,"Piperine",ATOM,13,C,1,1.582,1.845,-1.017
piperine.pdb,"Piperine",ATOM,14,C,1,2.962,2.047,-0.845
piperine.pdb,"Piperine",ATOM,15,O,1,3.657,1.304,0.073
piperine.pdb,"Piperine",ATOM,16,N,1,3.657,3.047,-1.625
piperine.pdb,"Piperine",ATOM,17,C,1,3.262,4.452,-1.275
piperine.pdb,"Piperine",ATOM,18,C,1,3.860,5.430,-2.325
piperine.pdb,"Piperine",ATOM,19,C,1,5.390,5.265,-2.442
piperine.pdb,"Piperine",ATOM,20,C,1,5.681,3.803,-2.882
piperine.pdb,"Piperine",ATOM,21,C,1,5.108,2.784,-1.844
piperine.pdb,"Piperine",ATOM,22,H,1,-2.619,-2.146,1.458
piperine.pdb,"Piperine",ATOM,23,H,1,-3.100,1.387,-1.021
piperine.pdb,"Piperine",ATOM,24,H,1,-5.519,0.926,-1.192
piperine.pdb,"Piperine",ATOM,25,H,1,-7.105,-3.276,0.389
piperine.pdb,"Piperine",ATOM,26,H,1,-7.327,-2.242,1.818
piperine.pdb,"Piperine",ATOM,27,H,1,-0.699,-0.805,0.993
piperine.pdb,"Piperine",ATOM,28,H,1,-0.987,1.381,-1.204
piperine.pdb,"Piperine",ATOM,29,H,1,1.390,0.353,0.499
piperine.pdb,"Piperine",ATOM,30,H,1,1.086,2.442,-1.769
piperine.pdb,"Piperine",ATOM,31,H,1,3.714,4.674,-0.302
piperine.pdb,"Piperine",ATOM,32,H,1,2.168,4.534,-1.290
piperine.pdb,"Piperine",ATOM,33,H,1,3.644,6.447,-1.994
piperine.pdb,"Piperine",ATOM,34,H,1,3.395,5.262,-3.298
piperine.pdb,"Piperine",ATOM,35,H,1,5.811,5.398,-1.445
piperine.pdb,"Piperine",ATOM,36,H,1,5.827,5.997,-3.127
piperine.pdb,"Piperine",ATOM,37,H,1,6.763,3.669,-2.935
piperine.pdb,"Piperine",ATOM,38,H,1,5.229,3.624,-3.861
piperine.pdb,"Piperine",ATOM,39,H,1,5.619,2.941,-0.891
piperine.pdb,"Piperine",ATOM,40,H,1,5.249,1.758,-2.200
propane.pdb,"PROPANE",ATOM,1,C,1,1.241,0.444,0.349
propane.pdb,"PROPANE",ATOM,2,C,1,-0.011,-0.441,0.333
propane.pdb,"PROPANE",ATOM,3,C,1,-1.176,0.296,-0.332
propane.pdb,"PROPANE",ATOM,4,H,1,1.516,0.699,-0.675
propane.pdb,"PROPANE",ATOM,5,H,1,2.058,-0.099,0.827
propane.pdb,"PROPANE",ATOM,6,H,1,1.035,1.354,0.913
propane.pdb,"PROPANE",ATOM,7,H,1,-0.283,-0.691,1.359
propane.pdb,"PROPANE",ATOM,8,H,1,0.204,-1.354,-0.225
propane.pdb,"PROPANE",ATOM,9,H,1,-0.914,0.551,-1.359
propane.pdb,"PROPANE",ATOM,10,H,1,-1.396,1.211,0.219
propane.pdb,"PROPANE",ATOM,11,H,1,-2.058,-0.345,-0.332
pyridoxal.pdb,"PYRIDOXAL, VITAMIN B6",ATOM,1,C,1,-1.057,-0.975,-0.516
pyridoxal.pdb,"PYRIDOXAL, VITAMIN B6",ATOM,2,C,1,-1.050,0.386,-0.392
pyridoxal.pdb,"PYRIDOXAL, VITAMIN B6",ATOM,3,C,1,0.103,1.044,-0.177
pyridoxal.pdb,"PYRIDOXAL, VITAMIN B6",ATOM,4,C,1,1.259,0.336,-0.094
pyridoxal.pdb,"PYRIDOXAL, VITAMIN B6",ATOM,5,C,1,1.224,-1.016,-0.244
pyridoxal.pdb,"PYRIDOXAL, VITAMIN B6",ATOM,6,N,1,0.096,-1.616,-0.438
pyridoxal.pdb,"PYRIDOXAL, VITAMIN B6",ATOM,7,C,1,0.164,2.365,-0.038
pyridoxal.pdb,"PYRIDOXAL, VITAMIN B6",ATOM,8,O,1,1.333,2.917,0.193
pyridoxal.pdb,"PYRIDOXAL, VITAMIN B6",ATOM,9,C,1,-2.426,1.134,-0.482
pyridoxal.pdb,"PYRIDOXAL, VITAMIN B6",ATOM,10,O,1,-2.902,1.495,0.840
pyridoxal.pdb,"PYRIDOXAL, VITAMIN B6",ATOM,11,O,1,2.533,1.039,0.137
pyridoxal.pdb,"PYRIDOXAL, VITAMIN B6",ATOM,12,C,1,2.541,-1.789,-0.182
pyridoxal.pdb,"PYRIDOXAL, VITAMIN B6",ATOM,13,H,1,-1.998,-1.512,-0.677
pyridoxal.pdb,"PYRIDOXAL, VITAMIN B6",ATOM,14,H,1,-0.698,3.029,-0.088
pyridoxal.pdb,"PYRIDOXAL, VITAMIN B6",ATOM,15,H,1,-3.199,0.485,-0.888
pyridoxal.pdb,"PYRIDOXAL, VITAMIN B6",ATOM,16,H,1,-2.386,2.043,-1.081
pyridoxal.pdb,"PYRIDOXAL, VITAMIN B6",ATOM,17,H,1,-2.154,2.076,1.288
pyridoxal.pdb,"PYRIDOXAL, VITAMIN B6",ATOM,18,H,1,2.694,1.081,1.173
pyridoxal.pdb,"PYRIDOXAL, VITAMIN B6",ATOM,19,H,1,3.005,-1.628,0.791
pyridoxal.pdb,"PYRIDOXAL, VITAMIN B6",ATOM,20,H,1,3.207,-1.430,-0.967
pyridoxal.pdb,"PYRIDOXAL, VITAMIN B6",ATOM,21,H,1,2.335,-2.850,-0.325
quinine.pdb,"QUININE",ATOM,1,C,1,-3.080,-1.899,0.133
quinine.pdb,"QUININE",ATOM,2,C,1,-2.208,-0.876,-0.337
quinine.pdb,"QUININE",ATOM,3,C,1,-2.543,0.466,-0.048
quinine.pdb,"QUININE",ATOM,4,C,1,-3.745,0.777,0.615
quinine.pdb,"QUININE",ATOM,5,C,1,-4.618,-0.245,1.033
quinine.pdb,"QUININE",ATOM,6,C,1,-4.275,-1.585,0.808
quinine.pdb,"QUININE",ATOM,7,O,1,-4.122,2.122,0.826
quinine.pdb,"QUININE",ATOM,8,C,1,-1.052,-1.254,-1.082
quinine.pdb,"QUININE",ATOM,9,C,1,-0.856,-2.634,-1.300
quinine.pdb,"QUININE",ATOM,10,C,1,-1.709,-3.594,-0.743
quinine.pdb,"QUININE",ATOM,11,N,1,-2.801,-3.200,-0.072
quinine.pdb,"QUININE",ATOM,12,C,1,-0.209,-0.308,-1.981
quinine.pdb,"QUININE",ATOM,13,C,1,1.057,0.340,-1.355
quinine.pdb,"QUININE",ATOM,14,O,1,-1.026,0.697,-2.556
quinine.pdb,"QUININE",ATOM,15,C,1,2.184,0.473,-2.405
quinine.pdb,"QUININE",ATOM,16,N,1,1.614,-0.307,-0.133
quinine.pdb,"QUININE",ATOM,17,C,1,2.571,0.651,0.485
quinine.pdb,"QUININE",ATOM,18,C,1,3.713,1.021,-0.485
quinine.pdb,"QUININE",ATOM,19,C,1,3.545,0.185,-1.756
quinine.pdb,"QUININE",ATOM,20,C,1,2.355,-1.553,-0.445
quinine.pdb,"QUININE",ATOM,21,C,1,3.574,-1.285,-1.332
quinine.pdb,"QUININE",ATOM,22,C,1,3.748,2.514,-0.840
quinine.pdb,"QUININE",ATOM,23,C,1,4.814,3.033,-1.590
quinine.pdb,"QUININE",ATOM,24,C,1,-5.435,2.165,1.550
quinine.pdb,"QUININE",ATOM,25,H,1,-5.727,3.203,1.712
quinine.pdb,"QUININE",ATOM,26,H,1,-1.868,1.271,-0.339
quinine.pdb,"QUININE",ATOM,27,H,1,-5.556,0.007,1.527
quinine.pdb,"QUININE",ATOM,28,H,1,-4.947,-2.381,1.129
quinine.pdb,"QUININE",ATOM,29,H,1,-0.024,-2.976,-1.916
quinine.pdb,"QUININE",ATOM,30,H,1,-1.484,-4.655,-0.857
quinine.pdb,"QUININE",ATOM,31,H,1,0.151,-0.858,-2.851
quinine.pdb,"QUININE",ATOM,32,H,1,0.808,1.332,-0.979
quinine.pdb,"QUININE",ATOM,33,H,1,-1.474,1.263,-1.793
quinine.pdb,"QUININE",ATOM,34,H,1,2.186,1.485,-2.808
quinine.pdb,"QUININE",ATOM,35,H,1,2.014,-0.240,-3.212
quinine.pdb,"QUININE",ATOM,36,H,1,3.010,0.203,1.377
quinine.pdb,"QUININE",ATOM,37,H,1,2.045,1.565,0.759
quinine.pdb,"QUININE",ATOM,38,H,1,4.673,0.803,-0.016
quinine.pdb,"QUININE",ATOM,39,H,1,4.331,0.272,-2.506
quinine.pdb,"QUININE",ATOM,40,H,1,1.697,-2.246,-0.970
quinine.pdb,"QUININE",ATOM,41,H,1,2.701,-2.012,0.481
quinine.pdb,"QUININE",ATOM,42,H,1,4.252,-0.603,-0.819
quinine.pdb,"QUININE",ATOM,43,H,1,4.088,-2.224,-1.536
quinine.pdb,"QUININE",ATOM,44,H,1,2.944,3.172,-0.510
quinine.pdb,"QUININE",ATOM,45,H,1,4.837,4.094,-1.842
quinine.pdb,"QUININE",ATOM,46,H,1,5.618,2.377,-1.921
quinine.pdb,"QUININE",ATOM,47,H,1,-5.337,1.660,2.511
quinine.pdb,"QUININE",ATOM,48,H,1,-6.196,1.663,0.952
strychnine.pdb,"STRYCHNINE",ATOM,1,C,1,-1.533,0.399,0.458
strychnine.pdb,"STRYCHNINE",ATOM,2,C,1,-0.808,-0.182,1.500
strychnine.pdb,"STRYCHNINE",ATOM,3,C,1,-1.463,-0.793,2.582
strychnine.pdb,"STRYCHNINE",ATOM,4,C,1,-2.869,-0.791,2.619
strychnine.pdb,"STRYCHNINE",ATOM,5,C,1,-3.605,-0.212,1.565
strychnine.pdb,"STRYCHNINE",ATOM,6,C,1,-2.942,0.378,0.472
strychnine.pdb,"STRYCHNINE",ATOM,7,C,1,0.640,-0.437,1.085
strychnine.pdb,"STRYCHNINE",ATOM,8,N,1,-0.711,0.708,-0.561
strychnine.pdb,"STRYCHNINE",ATOM,9,C,1,-0.949,1.596,-1.557
strychnine.pdb,"STRYCHNINE",ATOM,10,O,1,-2.133,2.285,-1.623
strychnine.pdb,"STRYCHNINE",ATOM,11,C,1,0.649,0.270,-0.292
strychnine.pdb,"STRYCHNINE",ATOM,12,C,1,0.213,2.126,-2.433
strychnine.pdb,"STRYCHNINE",ATOM,13,C,1,1.634,1.872,-1.881
strychnine.pdb,"STRYCHNINE",ATOM,14,H,1,0.933,-0.424,-1.080
strychnine.pdb,"STRYCHNINE",ATOM,15,C,1,1.521,1.522,-0.393
strychnine.pdb,"STRYCHNINE",ATOM,16,H,1,2.212,2.791,-1.992
strychnine.pdb,"STRYCHNINE",ATOM,17,O,1,2.246,0.843,-2.652
strychnine.pdb,"STRYCHNINE",ATOM,18,C,1,3.632,0.672,-2.408
strychnine.pdb,"STRYCHNINE",ATOM,19,C,1,3.863,-0.325,-1.272
strychnine.pdb,"STRYCHNINE",ATOM,20,C,1,3.502,-0.009,0.045
strychnine.pdb,"STRYCHNINE",ATOM,21,C,1,3.781,-0.997,1.191
strychnine.pdb,"STRYCHNINE",ATOM,22,C,1,2.829,1.329,0.367
strychnine.pdb,"STRYCHNINE",ATOM,23,H,1,1.002,2.357,0.081
strychnine.pdb,"STRYCHNINE",ATOM,24,H,1,3.507,2.160,0.172
strychnine.pdb,"STRYCHNINE",ATOM,25,C,1,2.432,1.320,1.837
strychnine.pdb,"STRYCHNINE",ATOM,26,C,1,1.703,0.007,2.124
strychnine.pdb,"STRYCHNINE",ATOM,27,C,1,0.879,-1.949,0.914
strychnine.pdb,"STRYCHNINE",ATOM,28,C,1,1.850,-2.311,2.023
strychnine.pdb,"STRYCHNINE",ATOM,29,N,1,2.679,-1.104,2.185
strychnine.pdb,"STRYCHNINE",ATOM,30,H,1,-0.900,-1.316,3.340
strychnine.pdb,"STRYCHNINE",ATOM,31,H,1,-3.387,-1.276,3.433
strychnine.pdb,"STRYCHNINE",ATOM,32,H,1,-4.684,-0.260,1.575
strychnine.pdb,"STRYCHNINE",ATOM,33,H,1,-3.516,0.712,-0.378
strychnine.pdb,"STRYCHNINE",ATOM,34,H,1,0.079,3.203,-2.529
strychnine.pdb,"STRYCHNINE",ATOM,35,H,1,0.120,1.700,-3.433
strychnine.pdb,"STRYCHNINE",ATOM,36,H,1,4.114,1.622,-2.176
strychnine.pdb,"STRYCHNINE",ATOM,37,H,1,4.095,0.278,-3.313
strychnine.pdb,"STRYCHNINE",ATOM,38,H,1,4.333,-1.274,-1.484
strychnine.pdb,"STRYCHNINE",ATOM,39,H,1,4.684,-0.667,1.705
strychnine.pdb,"STRYCHNINE",ATOM,40,H,1,4.017,-1.974,0.771
strychnine.pdb,"STRYCHNINE",ATOM,41,H,1,1.786,2.165,2.074
strychnine.pdb,"STRYCHNINE",ATOM,42,H,1,3.319,1.399,2.467
strychnine.pdb,"STRYCHNINE",ATOM,43,H,1,1.232,0.084,3.104
strychnine.pdb,"STRYCHNINE",ATOM,44,H,1,1.356,-2.190,-0.036
strychnine.pdb,"STRYCHNINE",ATOM,45,H,1,-0.035,-2.539,0.978
strychnine.pdb,"STRYCHNINE",ATOM,46,H,1,2.429,-3.203,1.787
strychnine.pdb,"STRYCHNINE",ATOM,47,H,1,1.308,-2.520,2.946
styrene.pdb,"STYRENE",ATOM,1,C,1,1.195,0.373,-0.084
styrene.pdb,"STYRENE",ATOM,2,C,1,1.241,1.771,-0.210
styrene.pdb,"STYRENE",ATOM,3,C,1,0.052,2.516,-0.242
styrene.pdb,"STYRENE",ATOM,4,C,1,-1.182,1.856,-0.149
styrene.pdb,"STYRENE",ATOM,5,C,1,-1.231,0.457,-0.022
styrene.pdb,"STYRENE",ATOM,6,C,1,-0.042,-0.301,0.012
styrene.pdb,"STYRENE",ATOM,7,C,1,-0.016,-1.708,0.139
styrene.pdb,"STYRENE",ATOM,8,C,1,-1.157,-2.523,0.242
styrene.pdb,"STYRENE",ATOM,9,H,1,2.121,-0.184,-0.062
styrene.pdb,"STYRENE",ATOM,10,H,1,2.194,2.275,-0.283
styrene.pdb,"STYRENE",ATOM,11,H,1,0.086,3.591,-0.339
styrene.pdb,"STYRENE",ATOM,12,H,1,-2.099,2.426,-0.175
styrene.pdb,"STYRENE",ATOM,13,H,1,-2.194,-0.020,0.050
styrene.pdb,"STYRENE",ATOM,14,H,1,0.946,-2.202,0.160
styrene.pdb,"STYRENE",ATOM,15,H,1,-1.031,-3.591,0.337
styrene.pdb,"STYRENE",ATOM,16,H,1,-2.153,-2.112,0.229
sucrose.pdb,"SUCROSE",ATOM,1,C,1,-1.757,1.179,0.017
sucrose.pdb,"SUCROSE",ATOM,2,C,1,-2.934,1.259,0.995
sucrose.pdb,"SUCROSE",ATOM,3,C,1,-2.689,0.344,2.205
sucrose.pdb,"SUCROSE",ATOM,4,C,1,-1.373,0.737,2.882
sucrose.pdb,"SUCROSE",ATOM,5,C,1,-0.218,0.668,1.879
sucrose.pdb,"SUCROSE",ATOM,6,O,1,-0.485,1.553,0.704
sucrose.pdb,"SUCROSE",ATOM,7,H,1,0.663,1.023,2.398
sucrose.pdb,"SUCROSE",ATOM,8,O,1,-0.070,-0.757,1.449
sucrose.pdb,"SUCROSE",ATOM,9,C,1,1.268,-1.259,0.961
sucrose.pdb,"SUCROSE",ATOM,10,C,1,1.080,-1.839,-0.458
sucrose.pdb,"SUCROSE",ATOM,11,C,1,2.471,-0.289,0.991
sucrose.pdb,"SUCROSE",ATOM,12,O,1,1.716,-2.382,1.846
sucrose.pdb,"SUCROSE",ATOM,13,C,1,3.195,-2.544,1.624
sucrose.pdb,"SUCROSE",ATOM,14,C,1,3.694,-1.234,0.957
sucrose.pdb,"SUCROSE",ATOM,15,H,1,-1.668,0.153,-0.335
sucrose.pdb,"SUCROSE",ATOM,16,H,1,-3.033,2.285,1.347
sucrose.pdb,"SUCROSE",ATOM,17,H,1,-2.619,-0.690,1.870
sucrose.pdb,"SUCROSE",ATOM,18,H,1,-1.452,1.757,3.255
sucrose.pdb,"SUCROSE",ATOM,19,H,1,0.580,-1.102,-1.086
sucrose.pdb,"SUCROSE",ATOM,20,H,1,2.039,-2.099,-0.902
sucrose.pdb,"SUCROSE",ATOM,21,H,1,2.456,0.400,0.146
sucrose.pdb,"SUCROSE",ATOM,22,H,1,3.374,-3.389,0.958
sucrose.pdb,"SUCROSE",ATOM,23,H,1,4.532,-0.796,1.500
sucrose.pdb,"SUCROSE",ATOM,24,C,1,3.862,-2.819,2.989
sucrose.pdb,"SUCROSE",ATOM,25,O,1,5.311,-3.228,2.781
sucrose.pdb,"SUCROSE",ATOM,26,O,1,4.102,-1.521,-0.458
sucrose.pdb,"SUCROSE",ATOM,27,O,1,2.579,0.469,2.282
sucrose.pdb,"SUCROSE",ATOM,28,O,1,0.242,-3.076,-0.372
sucrose.pdb,"SUCROSE",ATOM,29,C,1,-1.998,2.070,-1.194
sucrose.pdb,"SUCROSE",ATOM,30,O,1,-0.904,1.923,-2.173
sucrose.pdb,"SUCROSE",ATOM,31,O,1,-4.207,0.882,0.314
sucrose.pdb,"SUCROSE",ATOM,32,O,1,-3.816,0.466,3.183
sucrose.pdb,"SUCROSE",ATOM,33,O,1,-1.096,-0.190,4.027
sucrose.pdb,"SUCROSE",ATOM,34,H,1,3.321,-3.626,3.486
sucrose.pdb,"SUCROSE",ATOM,35,H,1,3.807,-1.926,3.611
sucrose.pdb,"SUCROSE",ATOM,36,H,1,5.879,-2.443,2.375
sucrose.pdb,"SUCROSE",ATOM,37,H,1,4.441,-0.641,-0.920
sucrose.pdb,"SUCROSE",ATOM,38,H,1,2.511,-0.188,3.097
sucrose.pdb,"SUCROSE",ATOM,39,H,1,-0.685,-2.836,0.060
sucrose.pdb,"SUCROSE",ATOM,40,H,1,-1.962,3.102,-0.851
sucrose.pdb,"SUCROSE",ATOM,41,H,1,-2.964,1.864,-1.657
sucrose.pdb,"SUCROSE",ATOM,42,H,1,-1.138,2.578,-2.959
sucrose.pdb,"SUCROSE",ATOM,43,H,1,-4.159,-0.104,-0.041
sucrose.pdb,"SUCROSE",ATOM,44,H,1,-4.710,0.189,2.707
sucrose.pdb,"SUCROSE",ATOM,45,H,1,-0.979,-1.176,3.684
testosterone.pdb,"TESTOSTERONE",ATOM,1,C,1,-1.694,0.623,-0.129
testosterone.pdb,"TESTOSTERONE",ATOM,2,C,1,-2.422,1.241,-1.367
testosterone.pdb,"TESTOSTERONE",ATOM,3,C,1,-3.967,1.285,-1.174
testosterone.pdb,"TESTOSTERONE",ATOM,4,C,1,-4.400,-0.211,-0.803
testosterone.pdb,"TESTOSTERONE",ATOM,5,C,1,-3.591,-1.066,-0.107
testosterone.pdb,"TESTOSTERONE",ATOM,6,C,1,-2.336,-0.714,0.242
testosterone.pdb,"TESTOSTERONE",ATOM,7,C,1,-1.570,-1.599,1.216
testosterone.pdb,"TESTOSTERONE",ATOM,8,C,1,-0.153,-1.802,0.721
testosterone.pdb,"TESTOSTERONE",ATOM,9,C,1,0.538,-0.468,0.552
testosterone.pdb,"TESTOSTERONE",ATOM,10,C,1,-0.200,0.372,-0.512
testosterone.pdb,"TESTOSTERONE",ATOM,11,C,1,0.528,1.686,-0.918
testosterone.pdb,"TESTOSTERONE",ATOM,12,C,1,2.004,1.407,-1.294
testosterone.pdb,"TESTOSTERONE",ATOM,13,C,1,2.699,0.676,-0.125
testosterone.pdb,"TESTOSTERONE",ATOM,14,C,1,1.983,-0.638,0.108
testosterone.pdb,"TESTOSTERONE",ATOM,15,C,1,4.116,0.144,-0.488
testosterone.pdb,"TESTOSTERONE",ATOM,16,C,1,4.351,-0.991,0.553
testosterone.pdb,"TESTOSTERONE",ATOM,17,C,1,2.926,-1.387,1.034
testosterone.pdb,"TESTOSTERONE",ATOM,18,C,1,-1.836,1.597,1.079
testosterone.pdb,"TESTOSTERONE",ATOM,19,C,1,2.800,1.586,1.130
testosterone.pdb,"TESTOSTERONE",ATOM,20,O,1,-5.611,-0.584,-1.156
testosterone.pdb,"TESTOSTERONE",ATOM,21,O,1,5.194,1.214,-0.436
testosterone.pdb,"TESTOSTERONE",ATOM,22,H,1,-2.185,0.675,-2.269
testosterone.pdb,"TESTOSTERONE",ATOM,23,H,1,-2.074,2.265,-1.491
testosterone.pdb,"TESTOSTERONE",ATOM,24,H,1,-4.475,1.695,-2.053
testosterone.pdb,"TESTOSTERONE",ATOM,25,H,1,-4.166,1.941,-0.327
testosterone.pdb,"TESTOSTERONE",ATOM,26,H,1,-3.960,-2.056,0.175
testosterone.pdb,"TESTOSTERONE",ATOM,27,H,1,-1.662,-1.308,2.269
testosterone.pdb,"TESTOSTERONE",ATOM,28,H,1,-1.972,-2.585,1.011
testosterone.pdb,"TESTOSTERONE",ATOM,29,H,1,-0.145,-2.408,-0.187
testosterone.pdb,"TESTOSTERONE",ATOM,30,H,1,0.345,-2.332,1.528
testosterone.pdb,"TESTOSTERONE",ATOM,31,H,1,0.527,0.034,1.515
testosterone.pdb,"TESTOSTERONE",ATOM,32,H,1,-0.210,-0.251,-1.405
testosterone.pdb,"TESTOSTERONE",ATOM,33,H,1,0.033,2.194,-1.746
testosterone.pdb,"TESTOSTERONE",ATOM,34,H,1,0.540,2.348,-0.058
testosterone.pdb,"TESTOSTERONE",ATOM,35,H,1,2.508,2.364,-1.426
testosterone.pdb,"TESTOSTERONE",ATOM,36,H,1,2.069,0.827,-2.216
testosterone.pdb,"TESTOSTERONE",ATOM,37,H,1,1.974,-1.178,-0.838
testosterone.pdb,"TESTOSTERONE",ATOM,38,H,1,4.083,-0.295,-1.487
testosterone.pdb,"TESTOSTERONE",ATOM,39,H,1,4.911,-0.596,1.401
testosterone.pdb,"TESTOSTERONE",ATOM,40,H,1,4.878,-1.845,0.122
testosterone.pdb,"TESTOSTERONE",ATOM,41,H,1,2.754,-2.448,0.859
testosterone.pdb,"TESTOSTERONE",ATOM,42,H,1,2.762,-1.128,2.081
testosterone.pdb,"TESTOSTERONE",ATOM,43,H,1,-2.874,1.668,1.403
testosterone.pdb,"TESTOSTERONE",ATOM,44,H,1,-1.502,2.585,0.767
testosterone.pdb,"TESTOSTERONE",ATOM,45,H,1,-1.231,1.265,1.922
testosterone.pdb,"TESTOSTERONE",ATOM,46,H,1,1.824,1.847,1.534
testosterone.pdb,"TESTOSTERONE",ATOM,47,H,1,3.322,2.497,0.836
testosterone.pdb,"TESTOSTERONE",ATOM,48,H,1,3.380,1.091,1.907
testosterone.pdb,"TESTOSTERONE",ATOM,49,H,1,5.388,1.514,0.551
thiamine.pdb,"THIAMIN CATION, VITAMIN B1",ATOM,1,C,1,-2.282,-1.745,-1.009
thiamine.pdb,"THIAMIN CATION, VITAMIN B1",ATOM,2,C,1,-1.930,-0.705,-0.131
thiamine.pdb,"THIAMIN CATION, VITAMIN B1",ATOM,3,C,1,-2.871,0.333,0.072
thiamine.pdb,"THIAMIN CATION, VITAMIN B1",ATOM,4,N,1,-4.082,0.243,-0.522
thiamine.pdb,"THIAMIN CATION, VITAMIN B1",ATOM,5,C,1,-4.417,-0.817,-1.284
thiamine.pdb,"THIAMIN CATION, VITAMIN B1",ATOM,6,N,1,-3.516,-1.784,-1.551
thiamine.pdb,"THIAMIN CATION, VITAMIN B1",ATOM,7,C,1,-5.837,-0.923,-1.849
thiamine.pdb,"THIAMIN CATION, VITAMIN B1",ATOM,8,N,1,-2.553,1.511,0.872
thiamine.pdb,"THIAMIN CATION, VITAMIN B1",ATOM,9,C,1,-0.616,-0.794,0.634
thiamine.pdb,"THIAMIN CATION, VITAMIN B1",ATOM,10,N,1,0.443,0.160,0.303
thiamine.pdb,"THIAMIN CATION, VITAMIN B1",ATOM,11,C,1,1.588,0.205,0.935
thiamine.pdb,"THIAMIN CATION, VITAMIN B1",ATOM,12,C,1,2.536,1.106,0.375
thiamine.pdb,"THIAMIN CATION, VITAMIN B1",ATOM,13,S,1,1.835,2.031,-0.997
thiamine.pdb,"THIAMIN CATION, VITAMIN B1",ATOM,14,C,1,0.350,0.982,-0.770
thiamine.pdb,"THIAMIN CATION, VITAMIN B1",ATOM,15,C,1,1.942,-0.673,2.157
thiamine.pdb,"THIAMIN CATION, VITAMIN B1",ATOM,16,C,1,3.982,1.223,0.821
thiamine.pdb,"THIAMIN CATION, VITAMIN B1",ATOM,17,C,1,4.910,1.609,-0.347
thiamine.pdb,"THIAMIN CATION, VITAMIN B1",ATOM,18,O,1,6.257,1.588,0.073
thiamine.pdb,"THIAMIN CATION, VITAMIN B1",ATOM,19,H,1,-1.599,-2.557,-1.212
thiamine.pdb,"THIAMIN CATION, VITAMIN B1",ATOM,20,H,1,-4.812,1.025,-0.370
thiamine.pdb,"THIAMIN CATION, VITAMIN B1",ATOM,21,H,1,-3.785,-2.614,-2.189
thiamine.pdb,"THIAMIN CATION, VITAMIN B1",ATOM,22,H,1,-5.908,-0.329,-2.760
thiamine.pdb,"THIAMIN CATION, VITAMIN B1",ATOM,23,H,1,-6.551,-0.549,-1.115
thiamine.pdb,"THIAMIN CATION, VITAMIN B1",ATOM,24,H,1,-6.073,-1.963,-2.078
thiamine.pdb,"THIAMIN CATION, VITAMIN B1",ATOM,25,H,1,-2.012,2.231,0.258
thiamine.pdb,"THIAMIN CATION, VITAMIN B1",ATOM,26,H,1,-1.966,1.257,1.754
thiamine.pdb,"THIAMIN CATION, VITAMIN B1",ATOM,27,H,1,-3.462,1.973,1.257
thiamine.pdb,"THIAMIN CATION, VITAMIN B1",ATOM,28,H,1,-0.164,-1.783,0.539
thiamine.pdb,"THIAMIN CATION, VITAMIN B1",ATOM,29,H,1,-0.805,-0.652,1.696
thiamine.pdb,"THIAMIN CATION, VITAMIN B1",ATOM,30,H,1,-0.515,1.001,-1.421
thiamine.pdb,"THIAMIN CATION, VITAMIN B1",ATOM,31,H,1,2.283,-1.643,1.789
thiamine.pdb,"THIAMIN CATION, VITAMIN B1",ATOM,32,H,1,1.038,-0.774,2.760
thiamine.pdb,"THIAMIN CATION, VITAMIN B1",ATOM,33,H,1,2.744,-0.203,2.730
thiamine.pdb,"THIAMIN CATION, VITAMIN B1",ATOM,34,H,1,4.337,0.278,1.231
thiamine.pdb,"THIAMIN CATION, VITAMIN B1",ATOM,35,H,1,4.072,1.973,1.606
thiamine.pdb,"THIAMIN CATION, VITAMIN B1",ATOM,36,H,1,4.660,2.614,-0.691
thiamine.pdb,"THIAMIN CATION, VITAMIN B1",ATOM,37,H,1,4.775,0.898,-1.163
thiamine.pdb,"THIAMIN CATION, VITAMIN B1",ATOM,38,H,1,6.551,0.579,0.327
tnt.pdb,"2,4,6-TRINITROTOLUENE",ATOM,1,C,1,1.183,-0.757,-0.174
tnt.pdb,"2,4,6-TRINITROTOLUENE",ATOM,2,C,1,1.212,0.643,-0.175
tnt.pdb,"2,4,6-TRINITROTOLUENE",ATOM,3,C,1,0.015,1.368,-0.204
tnt.pdb,"2,4,6-TRINITROTOLUENE",ATOM,4,C,1,-1.211,0.693,-0.232
tnt.pdb,"2,4,6-TRINITROTOLUENE",ATOM,5,C,1,-1.240,-0.706,-0.231
tnt.pdb,"2,4,6-TRINITROTOLUENE",ATOM,6,C,1,-0.043,-1.431,-0.201
tnt.pdb,"2,4,6-TRINITROTOLUENE",ATOM,7,N,1,-0.071,-2.771,-0.200
tnt.pdb,"2,4,6-TRINITROTOLUENE",ATOM,8,O,1,1.126,-3.496,-0.171
tnt.pdb,"2,4,6-TRINITROTOLUENE",ATOM,9,O,1,-1.297,-3.446,-0.228
tnt.pdb,"2,4,6-TRINITROTOLUENE",ATOM,10,N,1,2.386,1.289,-0.148
tnt.pdb,"2,4,6-TRINITROTOLUENE",ATOM,11,O,1,2.415,2.689,-0.150
tnt.pdb,"2,4,6-TRINITROTOLUENE",ATOM,12,O,1,3.583,0.564,-0.119
tnt.pdb,"2,4,6-TRINITROTOLUENE",ATOM,13,N,1,-2.357,1.387,-0.260
tnt.pdb,"2,4,6-TRINITROTOLUENE",ATOM,14,O,1,-3.583,0.713,-0.288
tnt.pdb,"2,4,6-TRINITROTOLUENE",ATOM,15,O,1,-2.328,2.787,-0.262
tnt.pdb,"2,4,6-TRINITROTOLUENE",ATOM,16,C,1,0.047,2.894,-0.206
tnt.pdb,"2,4,6-TRINITROTOLUENE",ATOM,17,H,1,2.107,-1.316,-0.150
tnt.pdb,"2,4,6-TRINITROTOLUENE",ATOM,18,H,1,-2.187,-1.227,-0.252
tnt.pdb,"2,4,6-TRINITROTOLUENE",ATOM,19,H,1,0.995,3.237,-0.619
tnt.pdb,"2,4,6-TRINITROTOLUENE",ATOM,20,H,1,-0.059,3.260,0.816
tnt.pdb,"2,4,6-TRINITROTOLUENE",ATOM,21,H,1,-0.773,3.273,-0.816
tyrian-purple.pdb,"TYRIAN PURPLE",ATOM,1,C,1,-2.842,-0.519,-0.133
tyrian-purple.pdb,"TYRIAN PURPLE",ATOM,2,C,1,-2.777,0.808,-0.163
tyrian-purple.pdb,"TYRIAN PURPLE",ATOM,3,C,1,-3.921,1.680,-0.135
tyrian-purple.pdb,"TYRIAN PURPLE",ATOM,4,C,1,-5.160,1.044,-0.070
tyrian-purple.pdb,"TYRIAN PURPLE",ATOM,5,C,1,-5.277,-0.381,-0.049
tyrian-purple.pdb,"TYRIAN PURPLE",ATOM,6,C,1,-4.125,-1.208,-0.079
tyrian-purple.pdb,"TYRIAN PURPLE",ATOM,7,C,1,-1.613,-1.051,-0.144
tyrian-purple.pdb,"TYRIAN PURPLE",ATOM,8,O,1,-1.280,-2.408,-0.113
tyrian-purple.pdb,"TYRIAN PURPLE",ATOM,9,C,1,-0.683,-0.007,-0.186
tyrian-purple.pdb,"TYRIAN PURPLE",ATOM,10,C,1,0.692,0.010,-0.194
tyrian-purple.pdb,"TYRIAN PURPLE",ATOM,11,N,1,-1.425,1.156,-0.200
tyrian-purple.pdb,"TYRIAN PURPLE",ATOM,12,N,1,1.434,-1.154,-0.155
tyrian-purple.pdb,"TYRIAN PURPLE",ATOM,13,C,1,1.624,1.050,-0.234
tyrian-purple.pdb,"TYRIAN PURPLE",ATOM,14,O,1,1.293,2.409,-0.269
tyrian-purple.pdb,"TYRIAN PURPLE",ATOM,15,C,1,2.853,0.519,-0.210
tyrian-purple.pdb,"TYRIAN PURPLE",ATOM,16,C,1,2.783,-0.811,-0.157
tyrian-purple.pdb,"TYRIAN PURPLE",ATOM,17,C,1,3.922,-1.682,-0.085
tyrian-purple.pdb,"TYRIAN PURPLE",ATOM,18,C,1,5.166,-1.048,-0.067
tyrian-purple.pdb,"TYRIAN PURPLE",ATOM,19,C,1,5.291,0.375,-0.141
tyrian-purple.pdb,"TYRIAN PURPLE",ATOM,20,C,1,4.138,1.201,-0.213
tyrian-purple.pdb,"TYRIAN PURPLE",ATOM,21,H,1,-3.799,2.759,-0.152
tyrian-purple.pdb,"TYRIAN PURPLE",ATOM,22,H,1,-6.274,-0.806,0.001
tyrian-purple.pdb,"TYRIAN PURPLE",ATOM,23,H,1,-4.349,-2.285,-0.050
tyrian-purple.pdb,"TYRIAN PURPLE",ATOM,24,H,1,-1.115,2.205,-0.216
tyrian-purple.pdb,"TYRIAN PURPLE",ATOM,25,H,1,1.121,-2.199,-0.096
tyrian-purple.pdb,"TYRIAN PURPLE",ATOM,26,H,1,3.797,-2.759,-0.029
tyrian-purple.pdb,"TYRIAN PURPLE",ATOM,27,H,1,6.288,0.802,-0.126
tyrian-purple.pdb,"TYRIAN PURPLE",ATOM,28,H,1,4.362,2.277,-0.250
tyrian-purple.pdb,"TYRIAN PURPLE",ATOM,29,BR,1,-6.747,2.106,0.006
tyrian-purple.pdb,"TYRIAN PURPLE",ATOM,30,BR,1,6.747,-2.112,0.082
vanillin.pdb,"VANILLIN",ATOM,1,C,1,1.032,0.073,-0.001
vanillin.pdb,"VANILLIN",ATOM,2,C,1,1.032,1.473,-0.001
vanillin.pdb,"VANILLIN",ATOM,3,C,1,-0.181,2.173,-0.003
vanillin.pdb,"VANILLIN",ATOM,4,C,1,-1.393,1.473,-0.005
vanillin.pdb,"VANILLIN",ATOM,5,C,1,-1.393,0.073,-0.005
vanillin.pdb,"VANILLIN",ATOM,6,C,1,-0.181,-0.627,-0.003
vanillin.pdb,"VANILLIN",ATOM,7,O,1,-0.181,-2.037,-0.003
vanillin.pdb,"VANILLIN",ATOM,8,C,1,1.148,-2.507,-0.001
vanillin.pdb,"VANILLIN",ATOM,9,O,1,-2.614,-0.632,-0.007
vanillin.pdb,"VANILLIN",ATOM,10,C,1,2.244,2.173,0.001
vanillin.pdb,"VANILLIN",ATOM,11,O,1,2.244,3.543,0.001
vanillin.pdb,"VANILLIN",ATOM,12,H,1,1.967,-0.467,0.000
vanillin.pdb,"VANILLIN",ATOM,13,H,1,-0.181,3.253,-0.003
vanillin.pdb,"VANILLIN",ATOM,14,H,1,-2.329,2.013,-0.006
vanillin.pdb,"VANILLIN",ATOM,15,H,1,1.661,-2.143,0.890
vanillin.pdb,"VANILLIN",ATOM,16,H,1,1.664,-2.143,-0.890
vanillin.pdb,"VANILLIN",ATOM,17,H,1,1.148,-3.597,-0.001
vanillin.pdb,"VANILLIN",ATOM,18,H,1,-3.179,-0.371,-0.890
vanillin.pdb,"VANILLIN",ATOM,19,H,1,3.179,1.633,0.002
vinyl-chloride.pdb,"CHLOROETHENE",ATOM,1,C,1,-0.958,-0.216,0.345
vinyl-chloride.pdb,"CHLOROETHENE",ATOM,2,C,1,0.268,0.216,-0.173
vinyl-chloride.pdb,"CHLOROETHENE",ATOM,3,Cl,1,1.570,-0.940,-0.434
vinyl-chloride.pdb,"CHLOROETHENE",ATOM,4,H,1,-1.106,-1.259,0.585
vinyl-chloride.pdb,"CHLOROETHENE",ATOM,5,H,1,-1.757,0.493,0.505
vinyl-chloride.pdb,"CHLOROETHENE",ATOM,6,H,1,0.416,1.259,-0.413
vitamin-a.pdb,"VITAMIN A",ATOM,1,C,1,-4.322,-0.225,-0.083
vitamin-a.pdb,"VITAMIN A",ATOM,2,C,1,-5.496,-1.028,0.032
vitamin-a.pdb,"VITAMIN A",ATOM,3,C,1,-6.900,-0.427,0.103
vitamin-a.pdb,"VITAMIN A",ATOM,4,C,1,-6.894,1.007,0.608
vitamin-a.pdb,"VITAMIN A",ATOM,5,C,1,-5.886,1.795,-0.219
vitamin-a.pdb,"VITAMIN A",ATOM,6,C,1,-4.438,1.332,0.029
vitamin-a.pdb,"VITAMIN A",ATOM,7,C,1,-4.019,1.807,1.437
vitamin-a.pdb,"VITAMIN A",ATOM,8,C,1,-3.629,2.059,-1.044
vitamin-a.pdb,"VITAMIN A",ATOM,9,C,1,-5.409,-2.558,0.048
vitamin-a.pdb,"VITAMIN A",ATOM,10,C,1,-3.108,-0.890,-0.360
vitamin-a.pdb,"VITAMIN A",ATOM,11,C,1,-1.819,-0.374,-0.094
vitamin-a.pdb,"VITAMIN A",ATOM,12,C,1,-0.646,-1.096,-0.404
vitamin-a.pdb,"VITAMIN A",ATOM,13,C,1,0.579,-0.383,-0.468
vitamin-a.pdb,"VITAMIN A",ATOM,14,C,1,1.788,-0.987,-0.861
vitamin-a.pdb,"VITAMIN A",ATOM,15,C,1,2.994,-0.265,-0.829
vitamin-a.pdb,"VITAMIN A",ATOM,16,C,1,4.237,-0.901,-1.024
vitamin-a.pdb,"VITAMIN A",ATOM,17,C,1,5.406,-0.117,-1.087
vitamin-a.pdb,"VITAMIN A",ATOM,18,C,1,-0.696,-2.628,-0.641
vitamin-a.pdb,"VITAMIN A",ATOM,19,C,1,4.311,-2.434,-1.137
vitamin-a.pdb,"VITAMIN A",ATOM,20,C,1,6.794,-0.746,-1.278
vitamin-a.pdb,"VITAMIN A",ATOM,21,O,1,7.789,0.254,-1.348
vitamin-a.pdb,"VITAMIN A",ATOM,22,H,1,-7.522,-1.026,0.767
vitamin-a.pdb,"VITAMIN A",ATOM,23,H,1,-7.342,-0.450,-0.893
vitamin-a.pdb,"VITAMIN A",ATOM,24,H,1,-6.641,1.037,1.667
vitamin-a.pdb,"VITAMIN A",ATOM,25,H,1,-7.887,1.439,0.484
vitamin-a.pdb,"VITAMIN A",ATOM,26,H,1,-5.987,2.853,0.025
vitamin-a.pdb,"VITAMIN A",ATOM,27,H,1,-6.135,1.668,-1.274
vitamin-a.pdb,"VITAMIN A",ATOM,28,H,1,-4.520,1.220,2.206
vitamin-a.pdb,"VITAMIN A",ATOM,29,H,1,-4.277,2.859,1.560
vitamin-a.pdb,"VITAMIN A",ATOM,30,H,1,-2.950,1.704,1.600
vitamin-a.pdb,"VITAMIN A",ATOM,31,H,1,-3.901,3.112,-1.116
vitamin-a.pdb,"VITAMIN A",ATOM,32,H,1,-3.751,1.596,-2.024
vitamin-a.pdb,"VITAMIN A",ATOM,33,H,1,-2.555,2.106,-0.869
vitamin-a.pdb,"VITAMIN A",ATOM,34,H,1,-4.653,-2.892,0.760
vitamin-a.pdb,"VITAMIN A",ATOM,35,H,1,-5.152,-2.930,-0.944
vitamin-a.pdb,"VITAMIN A",ATOM,36,H,1,-6.372,-2.973,0.342
vitamin-a.pdb,"VITAMIN A",ATOM,37,H,1,-3.181,-1.872,-0.798
vitamin-a.pdb,"VITAMIN A",ATOM,38,H,1,-1.717,0.575,0.399
vitamin-a.pdb,"VITAMIN A",ATOM,39,H,1,0.592,0.669,-0.212
vitamin-a.pdb,"VITAMIN A",ATOM,40,H,1,1.791,-2.011,-1.198
vitamin-a.pdb,"VITAMIN A",ATOM,41,H,1,2.966,0.797,-0.625
vitamin-a.pdb,"VITAMIN A",ATOM,42,H,1,5.328,0.958,-1.004
vitamin-a.pdb,"VITAMIN A",ATOM,43,H,1,-0.807,-2.839,-1.705
vitamin-a.pdb,"VITAMIN A",ATOM,44,H,1,-1.523,-3.081,-0.095
vitamin-a.pdb,"VITAMIN A",ATOM,45,H,1,0.211,-3.112,-0.282
vitamin-a.pdb,"VITAMIN A",ATOM,46,H,1,3.849,-2.752,-2.072
vitamin-a.pdb,"VITAMIN A",ATOM,47,H,1,3.779,-2.888,-0.300
vitamin-a.pdb,"VITAMIN A",ATOM,48,H,1,5.340,-2.786,-1.119
vitamin-a.pdb,"VITAMIN A",ATOM,49,H,1,6.808,-1.319,-2.206
vitamin-a.pdb,"VITAMIN A",ATOM,50,H,1,7.018,-1.407,-0.440
vitamin-a.pdb,"VITAMIN A",ATOM,51,H,1,7.867,0.766,-0.400
